district_name,state_name,flood_events_per_decade,cyclone_events_per_decade,earthquake_events_per_decade,disaster_insurance_loss_cr,disaster_frequency_score
MumbaiSuburban,Maharashtra,0.22,0.04,0.0,29.03,2.44
Lakhimpur,Assam,0.83,0.07,0.0,5.05,2.28
Pithoragarh,Uttarakhand,0.25,0.01,0.0,8.76,2.28
Hyderabad,Telangana,0.22,0.6,0.0,22.11,2.15
Sonitpur,Assam,0.47,0.07,0.29,5.05,2.15
Karimnagar,Telangana,0.26,0.34,0.0,22.82,1.96
Kolkata,WestBengal,0.02,0.7,0.0,0.0,1.9
Dhubri,Assam,0.34,0.35,0.0,5.05,1.88
Rudraprayag,Uttarakhand,0.31,0.0,0.0,4.38,1.88
Dhemaji,Assam,0.62,0.07,0.0,5.05,1.88
Kullu,HimachalPradesh,0.68,0.0,0.0,0.0,1.84
Kamrupmetropolitan,Assam,0.4,0.07,0.04,5.05,1.82
Kamrup,Assam,0.4,0.07,0.04,5.05,1.82
Pune,Maharashtra,0.18,0.18,0.0,12.65,1.82
Nainital,Uttarakhand,0.42,0.0,0.0,4.38,1.82
Nalgonda,Telangana,0.26,0.34,0.0,22.82,1.75
Kendrapara,Odisha,0.15,0.46,0.0,11.52,1.75
Warangal,Telangana,0.32,0.28,0.0,22.11,1.75
Golaghat,Assam,0.55,0.07,0.0,5.05,1.73
Khammam,Telangana,0.3,0.28,0.0,22.82,1.71
Karimganj,Assam,0.44,0.07,0.0,5.05,1.71
Raigarh,Maharashtra,0.11,0.18,0.0,12.65,1.67
Cachar,Assam,0.41,0.07,0.0,5.05,1.65
Jorhat,Assam,0.51,0.07,0.0,5.05,1.65
Araria,Bihar,0.38,0.1,0.02,8.66,1.62
Saran,Bihar,0.38,0.1,0.02,7.9,1.62
Thiruvananthapuram,Kerala,0.24,0.04,0.0,6.83,1.62
Mahbubnagar,Telangana,0.27,0.28,0.0,22.82,1.6
Leh(ladakh),JammuandKashmir,0.51,0.02,0.0,12.17,1.6
Nizamabad,Telangana,0.22,0.3,0.0,22.11,1.58
Adilabad,Telangana,0.23,0.28,0.0,22.11,1.56
Idukki,Kerala,0.24,0.0,0.0,6.83,1.53
Chamoli,Uttarakhand,0.3,0.01,0.0,8.76,1.51
Hailakandi,Assam,0.35,0.07,0.0,5.05,1.51
Uttarkashi,Uttarakhand,0.3,0.01,0.0,8.76,1.51
Gopalganj,Bihar,0.37,0.06,0.02,7.9,1.51
Goalpara,Assam,0.45,0.07,0.0,5.05,1.51
Guntur,AndhraPradesh,0.12,0.28,0.01,0.88,1.49
Dibrugarh,Assam,0.44,0.07,0.0,5.05,1.49
Medak,Telangana,0.22,0.28,0.0,22.11,1.49
Rangareddy,Telangana,0.22,0.28,0.0,22.11,1.49
MumbaiCity,Maharashtra,0.27,0.04,0.0,29.03,1.47
Udalguri,Assam,0.43,0.07,0.0,5.05,1.47
Darrang,Assam,0.43,0.07,0.0,5.05,1.47
Bongaigaon,Assam,0.42,0.07,0.0,5.05,1.44
Kachchh,Gujarat,0.39,0.09,0.01,22.7,1.44
Chirang,Assam,0.42,0.07,0.0,5.05,1.44
Kokrajhar,Assam,0.41,0.07,0.0,5.05,1.42
North24parganas,WestBengal,0.29,0.21,0.0,0.0,1.42
Patna,Bihar,0.12,0.2,0.02,7.9,1.4
Chennai,TamilNadu,0.43,0.05,0.01,57.71,1.4
Sivasagar,Assam,0.39,0.07,0.0,5.05,1.37
Krishna,AndhraPradesh,0.16,0.28,0.01,0.88,1.35
Gajapati,Odisha,0.25,0.17,0.0,21.64,1.32
Purbachamparan,Bihar,0.23,0.12,0.02,8.66,1.32
Madhubani,Bihar,0.23,0.12,0.02,8.66,1.32
Nagaon,Assam,0.37,0.07,0.0,5.05,1.32
Barpeta,Assam,0.37,0.07,0.0,5.05,1.32
Rayagada,Odisha,0.25,0.17,0.0,21.64,1.32
Muzaffarpur,Bihar,0.18,0.16,0.02,8.66,1.3
Morigaon,Assam,0.35,0.07,0.0,5.05,1.28
Tinsukia,Assam,0.35,0.07,0.0,5.05,1.28
Baleshwar,Odisha,0.21,0.18,0.0,11.52,1.25
Vaishali,Bihar,0.16,0.16,0.02,7.9,1.25
Jagatsinghapur,Odisha,0.21,0.18,0.0,11.52,1.25
Puri,Odisha,0.21,0.17,0.0,21.64,1.23
Karbianglong,Assam,0.33,0.07,0.0,5.05,1.23
Northsikkim,Sikkim,0.11,0.0,0.01,0.0,1.2
Baksa,Assam,0.32,0.07,0.0,5.05,1.2
Yavatmal,Maharashtra,0.33,0.04,0.0,12.65,1.2
Nalbari,Assam,0.32,0.07,0.0,5.05,1.2
Dimahasao,Assam,0.32,0.07,0.0,5.05,1.2
Eastsikkim,Sikkim,0.1,0.0,0.01,0.0,1.18
Westsikkim,Sikkim,0.1,0.0,0.01,0.0,1.18
Sitamarhi,Bihar,0.17,0.12,0.02,8.66,1.18
Navsari,Gujarat,0.28,0.09,0.01,27.94,1.18
Southsikkim,Sikkim,0.1,0.0,0.01,0.0,1.18
Pashchimchamparan,Bihar,0.16,0.12,0.02,7.9,1.15
Purnia,Bihar,0.16,0.12,0.02,8.66,1.15
Darjiling,WestBengal,0.29,0.1,0.0,0.0,1.15
Bhadrak,Odisha,0.16,0.18,0.0,11.52,1.13
Jajapur,Odisha,0.23,0.11,0.0,11.52,1.13
Bishnupur,Manipur,0.19,0.12,0.04,0.0,1.13
Imphalwest,Manipur,0.19,0.12,0.04,0.0,1.13
Thoubal,Manipur,0.19,0.12,0.04,0.0,1.13
Bageshwar,Uttarakhand,0.26,0.0,0.0,4.38,1.13
Siwan,Bihar,0.11,0.16,0.02,7.9,1.13
Thedangs,Gujarat,0.26,0.09,0.0,24.94,1.1
Puducherry,Puducherry,0.07,0.29,0.01,42.44,1.1
Bhagalpur,Bihar,0.13,0.06,0.02,7.9,1.08
Sipahijala,Tripura,0.2,0.16,0.0,0.0,1.08
Khowai,Tripura,0.2,0.16,0.0,0.0,1.08
Cuttack,Odisha,0.21,0.11,0.0,11.52,1.08
Westtripura,Tripura,0.2,0.16,0.0,0.0,1.08
Kinnaur,HimachalPradesh,0.06,0.0,0.0,0.0,1.05
Jaintiahills,Meghalaya,0.35,0.0,0.0,0.0,1.05
Gaya,Bihar,0.08,0.1,0.02,7.9,1.05
Mandi,HimachalPradesh,0.06,0.0,0.0,0.0,1.05
Khordha,Odisha,0.19,0.12,0.0,21.64,1.05
Cuddalore,TamilNadu,0.17,0.17,0.01,42.44,1.05
Kasaragod,Kerala,0.32,0.0,0.0,6.83,1.02
Madhepura,Bihar,0.1,0.12,0.02,7.9,1.0
Saharsa,Bihar,0.16,0.06,0.02,8.66,1.0
Darbhanga,Bihar,0.16,0.06,0.02,8.66,1.0
Supaul,Bihar,0.1,0.12,0.02,8.66,1.0
Samastipur,Bihar,0.09,0.12,0.02,7.9,0.97
Palghar,Maharashtra,0.24,0.04,0.0,29.03,0.97
Kandhamal,Odisha,0.11,0.17,0.0,21.64,0.97
Maldah,WestBengal,0.03,0.29,0.0,0.0,0.97
Ganjam,Odisha,0.11,0.17,0.0,21.64,0.97
Nalanda,Bihar,0.11,0.1,0.02,7.9,0.97
Thane,Maharashtra,0.24,0.04,0.0,29.03,0.97
Balaghat,MadhyaPradesh,0.31,0.0,0.0,0.0,0.95
Southtripura,Tripura,0.15,0.16,0.0,0.0,0.95
Bharuch,Gujarat,0.19,0.09,0.01,27.94,0.95
Gomati,Tripura,0.15,0.16,0.0,0.0,0.95
Rohtas,Bihar,0.1,0.1,0.02,7.9,0.95
Kozhikode,Kerala,0.25,0.04,0.0,6.83,0.95
Jamui,Bihar,0.08,0.12,0.02,7.9,0.95
Nawada,Bihar,0.08,0.06,0.02,7.9,0.95
Nayagarh,Odisha,0.14,0.12,0.0,21.64,0.92
Mokokchung,Nagaland,0.3,0.0,0.0,1.42,0.92
Azamgarh,UttarPradesh,0.3,0.0,0.0,0.0,0.92
Koraput,Odisha,0.12,0.14,0.0,21.64,0.92
Tapi,Gujarat,0.18,0.09,0.01,27.94,0.92
Westgodavari,AndhraPradesh,0.12,0.15,0.01,0.16,0.92
Surat,Gujarat,0.18,0.09,0.01,27.94,0.92
Chandigarh,Chandigarh,0.29,0.0,0.0,5.21,0.89
Sheikhpura,Bihar,0.12,0.06,0.02,7.9,0.89
Virudunagar,TamilNadu,0.29,0.0,0.0,0.0,0.89
West,NCTofDelhi,0.0,0.0,0.0,0.0,0.89
Kargil,JammuandKashmir,0.22,0.02,0.0,12.17,0.89
Malkangiri,Odisha,0.09,0.16,0.0,21.64,0.89
South24parganas,WestBengal,0.08,0.21,0.0,0.0,0.89
Chhotaudaipur,Gujarat,0.17,0.09,0.01,27.94,0.89
Betul,MadhyaPradesh,0.0,0.29,0.0,0.0,0.89
Girsomnath,Gujarat,0.17,0.09,0.01,27.94,0.89
Morbi,Gujarat,0.17,0.09,0.01,27.94,0.89
Rajkot,Gujarat,0.17,0.09,0.01,27.94,0.89
Chamba,HimachalPradesh,0.0,0.0,0.0,0.0,0.89
Anugul,Odisha,0.14,0.11,0.0,11.52,0.89
Kochbihar,WestBengal,0.0,0.29,0.0,0.0,0.89
Vadodara,Gujarat,0.17,0.09,0.01,27.94,0.89
Thenilgiris,TamilNadu,0.29,0.0,0.0,0.0,0.89
Valsad,Gujarat,0.17,0.09,0.0,24.94,0.86
Devbhumidwarka,Gujarat,0.16,0.09,0.01,27.94,0.86
Imphaleast,Manipur,0.09,0.12,0.04,0.0,0.86
Banka,Bihar,0.11,0.06,0.02,7.9,0.86
Ratnagiri,Maharashtra,0.2,0.04,0.0,12.65,0.86
Junagadh,Gujarat,0.16,0.09,0.01,27.94,0.86
Jamnagar,Gujarat,0.16,0.09,0.01,27.94,0.86
Bhojpur,Bihar,0.11,0.06,0.02,7.9,0.86
Munger,Bihar,0.11,0.06,0.02,7.9,0.86
Katihar,Bihar,0.11,0.06,0.02,8.66,0.86
Bargarh,Odisha,0.12,0.12,0.0,21.64,0.86
Balangir,Odisha,0.12,0.12,0.0,21.64,0.86
Bhavnagar,Gujarat,0.16,0.09,0.01,27.94,0.86
Kalahandi,Odisha,0.12,0.12,0.0,21.64,0.86
Botad,Gujarat,0.16,0.09,0.01,27.94,0.86
Aurangabad,Bihar,0.1,0.06,0.02,7.9,0.84
Begusarai,Bihar,0.1,0.06,0.02,7.9,0.84
Khagaria,Bihar,0.1,0.06,0.02,7.9,0.84
Nuapada,Odisha,0.11,0.12,0.0,21.64,0.84
Jehanabad,Bihar,0.1,0.06,0.02,7.9,0.84
Kupwara,JammuandKashmir,0.08,0.12,0.0,12.17,0.84
Nabarangapur,Odisha,0.09,0.14,0.0,21.64,0.84
Porbandar,Gujarat,0.15,0.09,0.01,22.7,0.84
Arwal,Bihar,0.1,0.06,0.02,7.9,0.84
Debagarh,Odisha,0.1,0.13,0.0,11.52,0.84
Bauda,Odisha,0.11,0.12,0.0,21.64,0.84
Mayurbhanj,Odisha,0.12,0.11,0.0,11.52,0.84
Kollam,Kerala,0.24,0.0,0.01,6.99,0.84
Kannur,Kerala,0.25,0.0,0.0,6.83,0.84
Buxar,Bihar,0.09,0.06,0.02,7.9,0.81
Sheohar,Bihar,0.09,0.06,0.02,8.66,0.81
Pathanamthitta,Kerala,0.24,0.0,0.0,6.83,0.81
Lakhisarai,Bihar,0.09,0.06,0.02,7.9,0.81
Kishanganj,Bihar,0.09,0.06,0.02,8.66,0.81
Narmada,Gujarat,0.15,0.09,0.0,24.94,0.81
Dakshinakannada,Karnataka,0.22,0.02,0.0,14.02,0.81
Udupi,Karnataka,0.22,0.02,0.0,13.31,0.81
Kottayam,Kerala,0.24,0.0,0.0,6.83,0.81
Subarnapur,Odisha,0.1,0.12,0.0,21.64,0.81
Barmer,Rajasthan,0.12,0.08,0.0,4.32,0.81
Visakhapatnam,AndhraPradesh,0.04,0.09,0.01,10.28,0.81
Nellore,AndhraPradesh,0.15,0.1,0.01,42.44,0.81
Hardwar,Uttarakhand,0.13,0.0,0.0,4.38,0.78
Dehradun,Uttarakhand,0.13,0.0,0.0,4.38,0.78
Kishtwar,JammuandKashmir,0.08,0.12,0.0,12.17,0.78
Doda,JammuandKashmir,0.08,0.12,0.0,12.17,0.78
Sambalpur,Odisha,0.1,0.11,0.0,11.52,0.78
Jharsuguda,Odisha,0.1,0.11,0.0,11.52,0.78
Amreli,Gujarat,0.13,0.09,0.01,27.94,0.78
Dhenkanal,Odisha,0.1,0.11,0.0,11.52,0.78
Northtripura,Tripura,0.09,0.16,0.0,0.0,0.78
Unokoti,Tripura,0.09,0.16,0.0,0.0,0.78
Dhalai,Tripura,0.09,0.16,0.0,0.0,0.78
Kaimur,Bihar,0.08,0.06,0.02,7.9,0.78
Almora,Uttarakhand,0.13,0.0,0.0,4.38,0.78
Panchmahals,Gujarat,0.14,0.09,0.0,19.7,0.78
Anand,Gujarat,0.12,0.09,0.01,27.94,0.75
Ahmadabad,Gujarat,0.12,0.09,0.01,27.94,0.75
Hugli,WestBengal,0.02,0.22,0.0,0.0,0.75
Sundargarh,Odisha,0.09,0.11,0.0,11.52,0.75
Tehrigarhwal,Uttarakhand,0.12,0.0,0.0,4.38,0.75
Udhamsinghnagar,Uttarakhand,0.12,0.0,0.0,4.38,0.75
Kendujhar,Odisha,0.09,0.11,0.0,11.52,0.75
Aravalli,Gujarat,0.12,0.09,0.01,27.94,0.75
Garhwal,Uttarakhand,0.12,0.0,0.0,4.38,0.75
Champawat,Uttarakhand,0.12,0.0,0.0,4.38,0.75
Sabarkantha,Gujarat,0.12,0.09,0.01,27.94,0.75
Gandhinagar,Gujarat,0.12,0.09,0.01,27.94,0.75
Surendranagar,Gujarat,0.12,0.09,0.01,27.94,0.75
Kheda,Gujarat,0.12,0.09,0.01,27.94,0.75
Dahod,Gujarat,0.11,0.09,0.01,22.7,0.72
Mahesana,Gujarat,0.11,0.09,0.01,22.7,0.72
Patan,Gujarat,0.11,0.09,0.01,22.7,0.72
Banaskantha,Gujarat,0.11,0.09,0.01,22.7,0.72
Nashik,Maharashtra,0.14,0.04,0.0,12.65,0.7
Karaikal,Puducherry,0.07,0.14,0.01,42.44,0.7
Mahisagar,Gujarat,0.11,0.09,0.0,19.7,0.7
Thoothukkudi,TamilNadu,0.17,0.03,0.01,0.16,0.67
Jaisalmer,Rajasthan,0.12,0.03,0.0,4.32,0.67
Udaipur,Rajasthan,0.12,0.03,0.0,4.32,0.67
Tamenglong,Manipur,0.02,0.12,0.04,0.0,0.67
Senapati,Manipur,0.02,0.12,0.04,0.0,0.67
Wayanad,Kerala,0.19,0.0,0.0,6.83,0.67
Alappuzha,Kerala,0.18,0.0,0.01,6.99,0.67
Kota,Rajasthan,0.12,0.03,0.0,4.32,0.64
Malappuram,Kerala,0.18,0.0,0.0,6.83,0.64
Jalgaon,Maharashtra,0.12,0.04,0.0,12.65,0.64
Aurangabad,Maharashtra,0.05,0.06,0.0,12.65,0.64
Kathua,JammuandKashmir,0.13,0.02,0.0,12.17,0.64
Mahe,Puducherry,0.05,0.14,0.0,42.28,0.61
Rajsamand,Rajasthan,0.05,0.08,0.0,4.32,0.61
Yanam,Puducherry,0.05,0.14,0.0,42.28,0.61
Sirohi,Rajasthan,0.05,0.08,0.0,4.32,0.61
Ernakulam,Kerala,0.12,0.04,0.01,6.99,0.61
Pali,Rajasthan,0.05,0.08,0.0,4.32,0.61
Jalor,Rajasthan,0.05,0.08,0.0,4.32,0.61
Barddhaman,WestBengal,0.08,0.1,0.0,0.0,0.58
Srinagar,JammuandKashmir,0.08,0.02,0.0,12.17,0.58
Tirunelveli,TamilNadu,0.14,0.03,0.01,0.16,0.58
Haora,WestBengal,0.0,0.17,0.0,0.0,0.55
Reasi,JammuandKashmir,0.08,0.02,0.0,12.17,0.55
Ganderbal,JammuandKashmir,0.08,0.02,0.0,12.17,0.55
Poonch,JammuandKashmir,0.08,0.02,0.0,12.17,0.55
Ukhrul,Manipur,0.02,0.12,0.0,0.0,0.55
Chandel,Manipur,0.02,0.12,0.0,0.0,0.55
Gonda,UttarPradesh,0.07,0.1,0.0,0.0,0.55
Westgarohills,Meghalaya,0.17,0.0,0.0,0.0,0.55
Churachandpur,Manipur,0.02,0.12,0.0,0.0,0.55
Gadag,Karnataka,0.13,0.02,0.0,14.02,0.55
Southwestgarohills,Meghalaya,0.17,0.0,0.0,0.0,0.55
Ballia,UttarPradesh,0.17,0.0,0.0,0.0,0.55
Bandipore,JammuandKashmir,0.08,0.02,0.0,12.17,0.55
Baramulla,JammuandKashmir,0.08,0.02,0.0,12.17,0.55
Srikakulam,AndhraPradesh,0.04,0.13,0.0,0.0,0.55
Badgam,JammuandKashmir,0.08,0.02,0.0,12.17,0.55
Rajouri,JammuandKashmir,0.08,0.02,0.0,12.17,0.55
Prakasam,AndhraPradesh,0.07,0.07,0.01,42.44,0.55
Udhampur,JammuandKashmir,0.08,0.02,0.0,12.17,0.55
Sikar,Rajasthan,0.07,0.03,0.0,4.32,0.52
Belgaum,Karnataka,0.12,0.02,0.0,14.02,0.52
Dausa,Rajasthan,0.07,0.03,0.0,4.32,0.52
Bikaner,Rajasthan,0.07,0.03,0.0,4.32,0.52
Y.s.r.,AndhraPradesh,0.16,0.0,0.0,42.99,0.52
Sindhudurg,Maharashtra,0.08,0.04,0.0,12.65,0.52
Amravati,Maharashtra,0.08,0.04,0.0,12.65,0.52
Jaipur,Rajasthan,0.07,0.03,0.0,4.32,0.52
Jhunjhunun,Rajasthan,0.07,0.03,0.0,4.32,0.52
Muzaffarnagar,UttarPradesh,0.02,0.0,0.0,0.0,0.52
Shamli,UttarPradesh,0.02,0.0,0.0,0.0,0.52
Kanniyakumari,TamilNadu,0.12,0.03,0.01,0.16,0.52
Tonk,Rajasthan,0.07,0.03,0.0,4.32,0.52
Thrissur,Kerala,0.14,0.0,0.0,6.83,0.52
Hanumangarh,Rajasthan,0.07,0.03,0.0,4.32,0.52
Gondiya,Maharashtra,0.07,0.04,0.0,12.65,0.49
Dhaulpur,Rajasthan,0.07,0.03,0.0,4.32,0.49
Osmanabad,Maharashtra,0.05,0.06,0.0,12.65,0.49
Latur,Maharashtra,0.05,0.06,0.0,12.65,0.49
Nanded,Maharashtra,0.05,0.06,0.0,12.65,0.49
Parbhani,Maharashtra,0.05,0.06,0.0,12.65,0.49
Nagpur,Maharashtra,0.07,0.04,0.0,12.65,0.49
Bid,Maharashtra,0.05,0.06,0.0,12.65,0.49
Hingoli,Maharashtra,0.05,0.06,0.0,12.65,0.49
Jalna,Maharashtra,0.05,0.06,0.0,12.65,0.49
Kolhapur,Maharashtra,0.07,0.04,0.0,12.65,0.49
Satara,Maharashtra,0.07,0.04,0.0,12.65,0.49
Bhandara,Maharashtra,0.07,0.04,0.0,12.65,0.49
Ramban,JammuandKashmir,0.08,0.02,0.0,12.17,0.49
Jammu,JammuandKashmir,0.08,0.02,0.0,12.17,0.49
Samba,JammuandKashmir,0.08,0.02,0.0,12.17,0.49
Eastsiang,ArunachalPradesh,0.14,0.0,0.0,0.0,0.46
Ghaziabad,UttarPradesh,0.0,0.14,0.0,0.0,0.46
Ajmer,Rajasthan,0.05,0.03,0.0,4.32,0.46
Sawaimadhopur,Rajasthan,0.05,0.03,0.0,4.32,0.46
Pratapgarh,Rajasthan,0.05,0.03,0.0,4.32,0.46
Bhilwara,Rajasthan,0.05,0.03,0.0,4.32,0.46
Bundi,Rajasthan,0.05,0.03,0.0,4.32,0.46
Chittaurgarh,Rajasthan,0.05,0.03,0.0,4.32,0.46
Churu,Rajasthan,0.05,0.03,0.0,4.32,0.46
Dungarpur,Rajasthan,0.05,0.03,0.0,4.32,0.46
Banswara,Rajasthan,0.05,0.03,0.0,4.32,0.46
Alwar,Rajasthan,0.05,0.03,0.0,4.32,0.46
Hapur,UttarPradesh,0.0,0.14,0.0,0.0,0.46
Northandmiddleandaman,AndamanandNicobar,0.0,0.0,0.14,0.0,0.46
Mysore,Karnataka,0.1,0.02,0.0,13.31,0.46
Palakkad,Kerala,0.12,0.0,0.0,6.83,0.46
Bagalkot,Karnataka,0.1,0.02,0.0,14.02,0.46
Saiha,Mizoram,0.0,0.03,0.0,0.0,0.46
Purbamedinipur,WestBengal,0.08,0.06,0.0,0.0,0.46
Southandaman,AndamanandNicobar,0.0,0.0,0.14,0.0,0.46
Champhai,Mizoram,0.0,0.03,0.0,0.0,0.46
Kolasib,Mizoram,0.0,0.03,0.0,0.0,0.46
Lawangtlai,Mizoram,0.0,0.03,0.0,0.0,0.46
Lunglei,Mizoram,0.0,0.03,0.0,0.0,0.46
Mamit,Mizoram,0.0,0.03,0.0,0.0,0.46
Chandauli,UttarPradesh,0.14,0.0,0.0,0.0,0.46
Aizawl,Mizoram,0.0,0.03,0.0,0.0,0.46
Eastgodavari,AndhraPradesh,0.05,0.06,0.01,0.16,0.46
Ganganagar,Rajasthan,0.05,0.03,0.0,4.32,0.46
Bijapur,Karnataka,0.1,0.02,0.0,14.02,0.46
Serchhip,Mizoram,0.0,0.03,0.0,0.0,0.46
Nagaur,Rajasthan,0.05,0.03,0.0,4.32,0.46
Jodhpur,Rajasthan,0.05,0.03,0.0,4.32,0.46
Koppal,Karnataka,0.1,0.02,0.0,14.02,0.46
Bharatpur,Rajasthan,0.05,0.03,0.0,4.32,0.43
Baran,Rajasthan,0.05,0.03,0.0,4.32,0.43
Nandurbar,Maharashtra,0.05,0.04,0.0,12.65,0.43
Kodagu,Karnataka,0.09,0.02,0.0,13.31,0.43
Solapur,Maharashtra,0.05,0.04,0.0,12.65,0.43
Thiruvarur,TamilNadu,0.1,0.02,0.01,42.44,0.43
Hassan,Karnataka,0.09,0.02,0.0,13.31,0.43
Nagappattinam,TamilNadu,0.1,0.02,0.01,42.44,0.43
Karauli,Rajasthan,0.05,0.03,0.0,4.32,0.43
Jhalawar,Rajasthan,0.05,0.03,0.0,4.32,0.43
Chandrapur,Maharashtra,0.05,0.04,0.0,12.65,0.43
Westsiang,ArunachalPradesh,0.13,0.0,0.0,0.0,0.43
Dhule,Maharashtra,0.05,0.04,0.0,12.65,0.43
Washim,Maharashtra,0.05,0.04,0.0,12.65,0.43
Sangli,Maharashtra,0.05,0.04,0.0,12.65,0.43
Wardha,Maharashtra,0.05,0.04,0.0,12.65,0.43
Akola,Maharashtra,0.05,0.04,0.0,12.65,0.43
Ahmadnagar,Maharashtra,0.05,0.04,0.0,12.65,0.43
Chittoor,AndhraPradesh,0.1,0.03,0.0,42.28,0.43
Buldana,Maharashtra,0.05,0.04,0.0,12.65,0.43
Garhchiroli,Maharashtra,0.05,0.04,0.0,12.65,0.43
Bidar,Karnataka,0.08,0.02,0.0,14.02,0.4
BangaloreRural,Karnataka,0.08,0.02,0.0,13.31,0.4
Bellary,Karnataka,0.08,0.02,0.0,14.02,0.4
Raichur,Karnataka,0.08,0.02,0.0,14.02,0.4
Chikmagalur,Karnataka,0.08,0.02,0.0,13.31,0.4
Mandya,Karnataka,0.08,0.02,0.0,13.31,0.4
Ramanagara,Karnataka,0.08,0.02,0.0,13.31,0.4
Chamrajnagar,Karnataka,0.08,0.02,0.0,13.31,0.4
Yadgir,Karnataka,0.08,0.02,0.0,14.02,0.4
Uttarakannada,Karnataka,0.08,0.02,0.0,14.02,0.4
Shimoga,Karnataka,0.08,0.02,0.0,13.31,0.4
Tumkur,Karnataka,0.08,0.02,0.0,13.31,0.4
Bangalore,Karnataka,0.08,0.02,0.0,13.31,0.4
Davanagere,Karnataka,0.08,0.02,0.0,14.02,0.4
Dharwad,Karnataka,0.08,0.02,0.0,14.02,0.4
Gulbarga,Karnataka,0.08,0.02,0.0,14.02,0.4
Haveri,Karnataka,0.08,0.02,0.0,14.02,0.4
Kolar,Karnataka,0.08,0.02,0.0,13.31,0.4
Chikballapura,Karnataka,0.08,0.02,0.0,13.31,0.4
Chitradurga,Karnataka,0.08,0.02,0.0,13.31,0.4
Anantapur,AndhraPradesh,0.12,0.0,0.0,0.71,0.4
Lowerdibangvalley,ArunachalPradesh,0.11,0.0,0.0,0.0,0.37
Allahabad,UttarPradesh,0.0,0.1,0.0,0.0,0.37
Northgarohills,Meghalaya,0.11,0.0,0.0,0.0,0.37
Southgarohills,Meghalaya,0.11,0.0,0.0,0.0,0.37
Unnao,UttarPradesh,0.01,0.1,0.0,0.0,0.37
Eastgarohills,Meghalaya,0.11,0.0,0.0,0.0,0.37
Uppersiang,ArunachalPradesh,0.11,0.0,0.0,0.0,0.37
Tiruppur,TamilNadu,0.1,0.0,0.0,0.0,0.33
Thiruvallur,TamilNadu,0.07,0.02,0.01,42.44,0.33
Coimbatore,TamilNadu,0.1,0.0,0.0,0.0,0.33
Firozpur,Punjab,0.05,0.01,0.01,1.17,0.33
Fazilka,Punjab,0.05,0.01,0.01,1.17,0.33
Patiala,Punjab,0.05,0.01,0.01,1.17,0.33
Pathankot,Punjab,0.05,0.01,0.01,1.17,0.33
Hoshiarpur,Punjab,0.05,0.01,0.01,1.17,0.33
Jalandhar,Punjab,0.05,0.01,0.01,1.17,0.33
Moga,Punjab,0.05,0.01,0.01,1.17,0.33
Kapurthala,Punjab,0.05,0.01,0.01,1.17,0.33
Bathinda,Punjab,0.05,0.01,0.01,1.17,0.33
Mansa,Punjab,0.05,0.01,0.01,1.17,0.33
Shahidbhagatsinghnagar,Punjab,0.05,0.01,0.01,1.17,0.33
Sangrur,Punjab,0.05,0.01,0.01,1.17,0.33
Faridkot,Punjab,0.05,0.01,0.01,1.17,0.33
Fatehgarhsahib,Punjab,0.05,0.01,0.01,1.17,0.33
Gurdaspur,Punjab,0.05,0.01,0.01,1.17,0.33
Amritsar,Punjab,0.05,0.01,0.01,1.17,0.33
Ludhiana,Punjab,0.05,0.01,0.01,1.17,0.33
Bankura,WestBengal,0.0,0.1,0.0,0.0,0.33
Sahibzadaajitsinghnagar,Punjab,0.05,0.01,0.01,1.17,0.33
Tarntaran,Punjab,0.05,0.01,0.01,1.17,0.33
Muktsar,Punjab,0.05,0.01,0.01,1.17,0.33
Rupnagar,Punjab,0.05,0.01,0.01,1.17,0.33
Barnala,Punjab,0.05,0.01,0.01,1.17,0.33
Sahibganj,Jharkhand,0.05,0.03,0.0,1.42,0.3
Kurukshetra,Haryana,0.04,0.01,0.0,0.41,0.3
Ambala,Haryana,0.04,0.01,0.0,0.41,0.3
Barabanki,UttarPradesh,0.08,0.0,0.0,0.0,0.3
Lakhimpurkheri,UttarPradesh,0.08,0.0,0.0,0.0,0.27
Karnal,Haryana,0.03,0.01,0.0,0.41,0.27
Kaithal,Haryana,0.03,0.01,0.0,0.41,0.27
Palwal,Haryana,0.03,0.01,0.0,0.41,0.27
Mewat,Haryana,0.03,0.01,0.0,0.41,0.27
Panchkula,Haryana,0.03,0.01,0.0,0.41,0.27
Mahendragarh,Haryana,0.03,0.01,0.0,0.41,0.27
Sonipat,Haryana,0.03,0.01,0.0,0.41,0.27
Rewari,Haryana,0.03,0.01,0.0,0.41,0.27
Ramanathapuram,TamilNadu,0.05,0.02,0.01,0.16,0.27
Bhiwani,Haryana,0.03,0.01,0.0,0.41,0.27
Hisar,Haryana,0.03,0.01,0.0,0.41,0.27
Jhajjar,Haryana,0.03,0.01,0.0,0.41,0.27
Jind,Haryana,0.03,0.01,0.0,0.41,0.27
Fatehabad,Haryana,0.03,0.01,0.0,0.41,0.27
Viluppuram,TamilNadu,0.07,0.0,0.01,42.44,0.27
Pudukkottai,TamilNadu,0.05,0.02,0.01,0.16,0.27
Rohtak,Haryana,0.03,0.01,0.0,0.41,0.27
Sirsa,Haryana,0.03,0.01,0.0,0.41,0.27
Yamunanagar,Haryana,0.03,0.01,0.0,0.41,0.27
Gurgaon,Haryana,0.03,0.01,0.0,0.41,0.27
Faridabad,Haryana,0.03,0.01,0.0,0.41,0.27
Panipat,Haryana,0.03,0.01,0.0,0.41,0.27
Nadia,WestBengal,0.06,0.02,0.0,0.0,0.27
Dibangvalley,ArunachalPradesh,0.08,0.0,0.0,0.0,0.27
Dumka,Jharkhand,0.04,0.03,0.0,1.42,0.27
Deoghar,Jharkhand,0.04,0.03,0.0,1.42,0.27
Moradabad,UttarPradesh,0.05,0.0,0.0,0.0,0.24
Kurnool,AndhraPradesh,0.07,0.0,0.0,0.71,0.24
Anjaw,ArunachalPradesh,0.07,0.0,0.0,0.0,0.24
Shravasti,UttarPradesh,0.07,0.0,0.0,0.0,0.24
Bahraich,UttarPradesh,0.07,0.0,0.0,0.0,0.24
Balrampur,UttarPradesh,0.07,0.0,0.0,0.0,0.24
Bemetara,Chhattisgarh,0.06,0.01,0.0,16.12,0.24
Balod,Chhattisgarh,0.06,0.01,0.0,16.12,0.24
Jabalpur,MadhyaPradesh,0.07,0.0,0.0,0.0,0.24
Durg,Chhattisgarh,0.06,0.01,0.0,16.12,0.24
Shimla,HimachalPradesh,0.06,0.0,0.0,0.0,0.24
Jalpaiguri,WestBengal,0.0,0.06,0.0,0.0,0.2
Saraikela-kharsawan,Jharkhand,0.02,0.03,0.0,1.42,0.2
Simdega,Jharkhand,0.02,0.03,0.0,1.42,0.2
Hazaribagh,Jharkhand,0.02,0.03,0.0,1.42,0.2
Jamtara,Jharkhand,0.02,0.03,0.0,1.42,0.2
Garhwa,Jharkhand,0.02,0.03,0.0,1.42,0.2
Chatra,Jharkhand,0.02,0.03,0.0,1.42,0.2
Dhanbad,Jharkhand,0.02,0.03,0.0,1.42,0.2
Southwestkhasihills,Meghalaya,0.06,0.0,0.0,0.0,0.2
Ribhoi,Meghalaya,0.06,0.0,0.0,0.0,0.2
Eastkhasihills,Meghalaya,0.06,0.0,0.0,0.0,0.2
Westkhasihills,Meghalaya,0.06,0.0,0.0,0.0,0.2
Bilaspur,HimachalPradesh,0.06,0.0,0.0,0.0,0.2
Latehar,Jharkhand,0.02,0.03,0.0,1.42,0.2
Khunti,Jharkhand,0.02,0.03,0.0,1.42,0.2
Kodarma,Jharkhand,0.02,0.03,0.0,1.42,0.2
Giridih,Jharkhand,0.02,0.03,0.0,1.42,0.2
Godda,Jharkhand,0.02,0.03,0.0,1.42,0.2
Gumla,Jharkhand,0.02,0.03,0.0,1.42,0.2
Ranchi,Jharkhand,0.02,0.03,0.0,1.42,0.2
Bokaro,Jharkhand,0.02,0.03,0.0,1.42,0.2
Lohardaga,Jharkhand,0.02,0.03,0.0,1.42,0.2
Palamu,Jharkhand,0.02,0.03,0.0,1.42,0.2
Pakur,Jharkhand,0.02,0.03,0.0,1.42,0.2
Pashchimisinghbhum,Jharkhand,0.02,0.03,0.0,1.42,0.2
Purbisinghbhum,Jharkhand,0.02,0.03,0.0,1.42,0.2
Ramgarh,Jharkhand,0.02,0.03,0.0,1.42,0.2
Balodabazar,Chhattisgarh,0.05,0.01,0.0,16.12,0.2
Raipur,Chhattisgarh,0.05,0.01,0.0,16.12,0.2
Thanjavur,TamilNadu,0.03,0.02,0.01,0.16,0.2
Mahasamund,Chhattisgarh,0.05,0.01,0.0,16.12,0.2
Gariaband,Chhattisgarh,0.05,0.01,0.0,16.12,0.2
Alipurduar,WestBengal,0.0,0.06,0.0,0.0,0.2
Bilaspur,Chhattisgarh,0.04,0.01,0.0,16.12,0.17
Mungeli,Chhattisgarh,0.04,0.01,0.0,16.12,0.17
Panna,MadhyaPradesh,0.05,0.0,0.0,0.0,0.17
Seoni,MadhyaPradesh,0.05,0.0,0.0,0.0,0.17
Satna,MadhyaPradesh,0.05,0.0,0.0,0.0,0.17
Rewa,MadhyaPradesh,0.05,0.0,0.0,0.0,0.17
Sagar,MadhyaPradesh,0.05,0.0,0.0,0.0,0.17
Katni,MadhyaPradesh,0.05,0.0,0.0,0.0,0.17
Damoh,MadhyaPradesh,0.05,0.0,0.0,0.0,0.17
Vizianagaram,AndhraPradesh,0.02,0.02,0.0,0.0,0.14
Rajnandgaon,Chhattisgarh,0.03,0.01,0.0,16.12,0.14
Lohit,ArunachalPradesh,0.04,0.0,0.0,0.0,0.14
Narsimhapur,MadhyaPradesh,0.04,0.0,0.0,0.0,0.14
Namsai,ArunachalPradesh,0.04,0.0,0.0,0.0,0.14
Pashchimmedinipur,WestBengal,0.02,0.02,0.0,0.0,0.14
Birbhum,WestBengal,0.04,0.0,0.0,0.0,0.14
Murshidabad,WestBengal,0.03,0.0,0.0,0.0,0.1
Chhatarpur,MadhyaPradesh,0.03,0.0,0.0,0.0,0.1
Bhopal,MadhyaPradesh,0.03,0.0,0.0,0.0,0.1
Lakshadweep,Lakshadweep,0.0,0.03,0.0,0.0,0.1
Hoshangabad,MadhyaPradesh,0.03,0.0,0.0,0.0,0.1
Ashoknagar,MadhyaPradesh,0.03,0.0,0.0,0.0,0.1
Madurai,TamilNadu,0.01,0.02,0.0,0.0,0.1
Faizabad,UttarPradesh,0.03,0.0,0.0,0.0,0.1
Raigarh,Chhattisgarh,0.02,0.01,0.0,16.12,0.1
Dhamtari,Chhattisgarh,0.02,0.01,0.0,16.12,0.1
Bijnor,UttarPradesh,0.01,0.0,0.0,0.0,0.1
Sivaganga,TamilNadu,0.0,0.02,0.01,0.16,0.1
Kancheepuram,TamilNadu,0.02,0.0,0.01,42.44,0.1
Janjgir-champa,Chhattisgarh,0.02,0.01,0.0,16.12,0.1
Dindigul,TamilNadu,0.0,0.02,0.0,0.0,0.07
Theni,TamilNadu,0.0,0.02,0.0,0.0,0.07
Ambedkarnagar,UttarPradesh,0.02,0.0,0.0,0.0,0.07
Koriya,Chhattisgarh,0.01,0.01,0.0,16.12,0.07
Surajpur,Chhattisgarh,0.01,0.01,0.0,16.12,0.07
Sukma,Chhattisgarh,0.01,0.01,0.0,16.12,0.07
Peren,Nagaland,0.02,0.0,0.0,1.42,0.07
Wokha,Nagaland,0.02,0.0,0.0,1.42,0.07
Mon,Nagaland,0.02,0.0,0.0,1.42,0.07
Longleng,Nagaland,0.02,0.0,0.0,1.42,0.07
Kohima,Nagaland,0.02,0.0,0.0,1.42,0.07
Tuensang,Nagaland,0.02,0.0,0.0,1.42,0.07
Phek,Nagaland,0.02,0.0,0.0,1.42,0.07
Harda,MadhyaPradesh,0.02,0.0,0.0,0.0,0.07
Kiphire,Nagaland,0.02,0.0,0.0,1.42,0.07
Dimapur,Nagaland,0.02,0.0,0.0,1.42,0.07
Zunheboto,Nagaland,0.02,0.0,0.0,1.42,0.07
Agarmalwa,MadhyaPradesh,0.02,0.0,0.0,0.0,0.07
Tikamgarh,MadhyaPradesh,0.02,0.0,0.0,0.0,0.07
Vidisha,MadhyaPradesh,0.02,0.0,0.0,0.0,0.07
Shajapur,MadhyaPradesh,0.02,0.0,0.0,0.0,0.07
Jashpur,Chhattisgarh,0.01,0.01,0.0,16.12,0.07
Tiruvannamalai,TamilNadu,0.0,0.02,0.0,0.0,0.07
Narayanpur,Chhattisgarh,0.01,0.01,0.0,16.12,0.07
Budaun,UttarPradesh,0.02,0.0,0.0,0.0,0.07
Bijapur,Chhattisgarh,0.01,0.01,0.0,16.12,0.07
Balrampur,Chhattisgarh,0.01,0.01,0.0,16.12,0.07
Bastar,Chhattisgarh,0.01,0.01,0.0,16.12,0.07
Raisen,MadhyaPradesh,0.02,0.0,0.0,0.0,0.07
Kushinagar,UttarPradesh,0.02,0.0,0.0,0.0,0.07
Dantewada,Chhattisgarh,0.01,0.01,0.0,16.12,0.07
Mandla,MadhyaPradesh,0.02,0.0,0.0,0.0,0.07
Kondagaon,Chhattisgarh,0.01,0.01,0.0,16.12,0.07
Korba,Chhattisgarh,0.01,0.01,0.0,16.12,0.07
Kabeerdham,Chhattisgarh,0.01,0.01,0.0,16.12,0.07
Surguja,Chhattisgarh,0.01,0.01,0.0,16.12,0.07
Uttarbastarkanker,Chhattisgarh,0.01,0.01,0.0,16.12,0.07
Sitapur,UttarPradesh,0.02,0.0,0.0,0.0,0.07
Pilibhit,UttarPradesh,0.02,0.0,0.0,0.0,0.07
Sehore,MadhyaPradesh,0.02,0.0,0.0,0.0,0.07
Mau,UttarPradesh,0.01,0.0,0.0,0.0,0.03
Mainpuri,UttarPradesh,0.01,0.0,0.0,0.0,0.03
Maharajganj,UttarPradesh,0.01,0.0,0.0,0.0,0.03
Meerut,UttarPradesh,0.01,0.0,0.0,0.0,0.03
Siddharthnagar,UttarPradesh,0.01,0.0,0.0,0.0,0.03
Mirzapur,UttarPradesh,0.01,0.0,0.0,0.0,0.03
Pratapgarh,UttarPradesh,0.0,0.0,0.0,0.0,0.03
Rampur,UttarPradesh,0.01,0.0,0.0,0.0,0.03
Santkabirnagar,UttarPradesh,0.01,0.0,0.0,0.0,0.03
Papumpare,ArunachalPradesh,0.01,0.0,0.0,0.0,0.03
Shahjahanpur,UttarPradesh,0.01,0.0,0.0,0.0,0.03
Jaunpur,UttarPradesh,0.0,0.0,0.0,0.0,0.03
Perambalur,TamilNadu,0.01,0.0,0.0,0.0,0.03
Farrukhabad,UttarPradesh,0.01,0.0,0.0,0.0,0.03
Aligarh,UttarPradesh,0.01,0.0,0.0,0.0,0.03
Basti,UttarPradesh,0.01,0.0,0.0,0.0,0.03
Northgoa,Goa,0.01,0.0,0.0,4.76,0.03
Krishnagiri,TamilNadu,0.01,0.0,0.0,0.0,0.03
Namakkal,TamilNadu,0.01,0.0,0.0,0.0,0.03
Southgoa,Goa,0.01,0.0,0.0,4.76,0.03
Karur,TamilNadu,0.01,0.0,0.0,0.0,0.03
Salem,TamilNadu,0.01,0.0,0.0,0.0,0.03
Tiruchirappalli,TamilNadu,0.01,0.0,0.0,0.0,0.03
Vellore,TamilNadu,0.01,0.0,0.0,0.0,0.03
Amroha,UttarPradesh,0.01,0.0,0.0,0.0,0.03
Dharmapuri,TamilNadu,0.01,0.0,0.0,0.0,0.03
Erode,TamilNadu,0.01,0.0,0.0,0.0,0.03
Deoria,UttarPradesh,0.01,0.0,0.0,0.0,0.03
Gorakhpur,UttarPradesh,0.01,0.0,0.0,0.0,0.03
Kanpurnagar,UttarPradesh,0.01,0.0,0.0,0.0,0.03
Kannauj,UttarPradesh,0.01,0.0,0.0,0.0,0.03
Changlang,ArunachalPradesh,0.01,0.0,0.0,0.0,0.03
Solan,HimachalPradesh,0.0,0.0,0.0,0.0,0.03
Eastkameng,ArunachalPradesh,0.01,0.0,0.0,0.0,0.03
Varanasi,UttarPradesh,0.01,0.0,0.0,0.0,0.03
Ghazipur,UttarPradesh,0.01,0.0,0.0,0.0,0.03
Banda,UttarPradesh,0.01,0.0,0.0,0.0,0.03
Sheopur,MadhyaPradesh,0.0,0.0,0.0,0.0,0.0
Shivpuri,MadhyaPradesh,0.0,0.0,0.0,0.0,0.0
Singrauli,MadhyaPradesh,0.0,0.0,0.0,0.0,0.0
Sidhi,MadhyaPradesh,0.0,0.0,0.0,0.0,0.0
Sultanpur,UttarPradesh,0.0,0.0,0.0,0.0,0.0
Umaria,MadhyaPradesh,0.0,0.0,0.0,0.0,0.0
Ujjain,MadhyaPradesh,0.0,0.0,0.0,0.0,0.0
Kangra,HimachalPradesh,0.0,0.0,0.0,0.0,0.0
Lahul&spiti,HimachalPradesh,0.0,0.0,0.0,0.0,0.0
Barwani,MadhyaPradesh,0.0,0.0,0.0,0.0,0.0
Bhind,MadhyaPradesh,0.0,0.0,0.0,0.0,0.0
Dakshindinajpur,WestBengal,0.0,0.0,0.0,0.0,0.0
Westnimar,MadhyaPradesh,0.0,0.0,0.0,0.0,0.0
Uppersubansiri,ArunachalPradesh,0.0,0.0,0.0,0.0,0.0
Westkameng,ArunachalPradesh,0.0,0.0,0.0,0.0,0.0
Kurungkumey,ArunachalPradesh,0.0,0.0,0.0,0.0,0.0
Tirap,ArunachalPradesh,0.0,0.0,0.0,0.0,0.0
Longding,ArunachalPradesh,0.0,0.0,0.0,0.0,0.0
Alirajpur,MadhyaPradesh,0.0,0.0,0.0,0.0,0.0
Hamirpur,HimachalPradesh,0.0,0.0,0.0,0.0,0.0
Chhindwara,MadhyaPradesh,0.0,0.0,0.0,0.0,0.0
Burhanpur,MadhyaPradesh,0.0,0.0,0.0,0.0,0.0
Anantnag,JammuandKashmir,0.0,0.0,0.0,0.0,0.0
Dhar,MadhyaPradesh,0.0,0.0,0.0,0.0,0.0
Indore,MadhyaPradesh,0.0,0.0,0.0,0.0,0.0
Dewas,MadhyaPradesh,0.0,0.0,0.0,0.0,0.0
Datia,MadhyaPradesh,0.0,0.0,0.0,0.0,0.0
Gwalior,MadhyaPradesh,0.0,0.0,0.0,0.0,0.0
Guna,MadhyaPradesh,0.0,0.0,0.0,0.0,0.0
Eastnimar,MadhyaPradesh,0.0,0.0,0.0,0.0,0.0
Dindori,MadhyaPradesh,0.0,0.0,0.0,0.0,0.0
Jhabua,MadhyaPradesh,0.0,0.0,0.0,0.0,0.0
Una,HimachalPradesh,0.0,0.0,0.0,0.0,0.0
Sirmaur,HimachalPradesh,0.0,0.0,0.0,0.0,0.0
Anuppur,MadhyaPradesh,0.0,0.0,0.0,0.0,0.0
Kulgam,JammuandKashmir,0.0,0.0,0.0,0.0,0.0
Shupiyan,JammuandKashmir,0.0,0.0,0.0,0.0,0.0
Pulwama,JammuandKashmir,0.0,0.0,0.0,0.0,0.0
Bulandshahr,UttarPradesh,0.0,0.0,0.0,0.0,0.0
Chitrakoot,UttarPradesh,0.0,0.0,0.0,0.0,0.0
Baghpat,UttarPradesh,0.0,0.0,0.0,0.0,0.0
Etawah,UttarPradesh,0.0,0.0,0.0,0.0,0.0
Amethi,UttarPradesh,0.0,0.0,0.0,0.0,0.0
Auraiya,UttarPradesh,0.0,0.0,0.0,0.0,0.0
Agra,UttarPradesh,0.0,0.0,0.0,0.0,0.0
Ariyalur,TamilNadu,0.0,0.0,0.0,0.0,0.0
Daman,DamanandDiu,0.0,0.0,0.0,0.0,0.0
Diu,DamanandDiu,0.0,0.0,0.0,0.0,0.0
Dadraandnagarhaveli,DadraandNagarHaveli,0.0,0.0,0.0,0.0,0.0
Bareilly,UttarPradesh,0.0,0.0,0.0,0.0,0.0
Fatehpur,UttarPradesh,0.0,0.0,0.0,0.0,0.0
Firozabad,UttarPradesh,0.0,0.0,0.0,0.0,0.0
Etah,UttarPradesh,0.0,0.0,0.0,0.0,0.0
Kaushambi,UttarPradesh,0.0,0.0,0.0,0.0,0.0
Lucknow,UttarPradesh,0.0,0.0,0.0,0.0,0.0
Lalitpur,UttarPradesh,0.0,0.0,0.0,0.0,0.0
Mahoba,UttarPradesh,0.0,0.0,0.0,0.0,0.0
Mathura,UttarPradesh,0.0,0.0,0.0,0.0,0.0
Hardoi,UttarPradesh,0.0,0.0,0.0,0.0,0.0
Hamirpur,UttarPradesh,0.0,0.0,0.0,0.0,0.0
Gautambuddhanagar,UttarPradesh,0.0,0.0,0.0,0.0,0.0
Hathras,UttarPradesh,0.0,0.0,0.0,0.0,0.0
Jhansi,UttarPradesh,0.0,0.0,0.0,0.0,0.0
Jalaun,UttarPradesh,0.0,0.0,0.0,0.0,0.0
Kanpurdehat,UttarPradesh,0.0,0.0,0.0,0.0,0.0
Kasganj,UttarPradesh,0.0,0.0,0.0,0.0,0.0
Neemuch,MadhyaPradesh,0.0,0.0,0.0,0.0,0.0
Morena,MadhyaPradesh,0.0,0.0,0.0,0.0,0.0
Mandsaur,MadhyaPradesh,0.0,0.0,0.0,0.0,0.0
Saharanpur,UttarPradesh,0.0,0.0,0.0,0.0,0.0
Ratlam,MadhyaPradesh,0.0,0.0,0.0,0.0,0.0
Raebareli,UttarPradesh,0.0,0.0,0.0,0.0,0.0
Shahdol,MadhyaPradesh,0.0,0.0,0.0,0.0,0.0
Rajgarh,MadhyaPradesh,0.0,0.0,0.0,0.0,0.0
Sonbhadra,UttarPradesh,0.0,0.0,0.0,0.0,0.0
Santravidasnagar,UttarPradesh,0.0,0.0,0.0,0.0,0.0
Sambhal,UttarPradesh,0.0,0.0,0.0,0.0,0.0
Lowersubansiri,ArunachalPradesh,0.0,0.0,0.0,0.0,0.0
Tawang,ArunachalPradesh,0.0,0.0,0.0,0.0,0.0
Puruliya,WestBengal,0.0,0.0,0.0,0.0,0.0
Nicobarislands,AndamanandNicobar,0.0,0.0,0.0,0.0,0.0
Uttardinajpur,WestBengal,0.0,0.0,0.0,0.0,0.0
