district_name,state_name,district_code,heat_wave_days_per_year,heat_months_total,total_months_analysed
NicobarIslands,AndamanandNicobar,IND.1.1_1,0,0,552
NorthandMiddleAndaman,AndamanandNicobar,IND.1.2_1,0,0,552
SouthAndaman,AndamanandNicobar,IND.1.3_1,0,0,552
Anantapur,AndhraPradesh,IND.2.1_1,0,0,552
Chittoor,AndhraPradesh,IND.2.2_1,0,0,552
EastGodavari,AndhraPradesh,IND.2.3_1,0,0,552
Guntur,AndhraPradesh,IND.2.4_1,0,0,552
Krishna,AndhraPradesh,IND.2.5_1,0,0,552
Kurnool,AndhraPradesh,IND.2.6_1,0,0,552
Nellore,AndhraPradesh,IND.2.7_1,0,0,552
Prakasam,AndhraPradesh,IND.2.8_1,0,0,552
Srikakulam,AndhraPradesh,IND.2.9_1,0,0,552
Visakhapatnam,AndhraPradesh,IND.2.10_1,0,0,552
Vizianagaram,AndhraPradesh,IND.2.11_1,0,0,552
WestGodavari,AndhraPradesh,IND.2.12_1,0,0,552
Y.S.R.,AndhraPradesh,IND.2.13_1,1,1,552
Anjaw,ArunachalPradesh,IND.3.1_1,0,0,552
Anjaw,ArunachalPradesh,Z07.3.1_1,0,0,552
Changlang,ArunachalPradesh,IND.3.2_1,0,0,552
DibangValley,ArunachalPradesh,Z07.3.3_1,0,0,552
EastKameng,ArunachalPradesh,Z07.3.4_1,0,0,552
EastSiang,ArunachalPradesh,IND.3.5_1,0,0,552
EastSiang,ArunachalPradesh,Z07.3.5_1,0,0,552
KurungKumey,ArunachalPradesh,Z07.3.6_1,0,0,552
Lohit,ArunachalPradesh,IND.3.7_1,0,0,552
Lohit,ArunachalPradesh,Z07.3.7_1,0,0,552
Longding,ArunachalPradesh,IND.3.8_1,0,0,552
LowerDibangValley,ArunachalPradesh,IND.3.9_1,0,0,552
LowerDibangValley,ArunachalPradesh,Z07.3.9_1,0,0,552
LowerSubansiri,ArunachalPradesh,Z07.3.10_1,0,0,552
Namsai,ArunachalPradesh,IND.3.11_1,0,0,552
PapumPare,ArunachalPradesh,Z07.3.12_1,0,0,552
Tawang,ArunachalPradesh,Z07.3.13_1,0,0,552
Tirap,ArunachalPradesh,IND.3.14_1,0,0,552
UpperSiang,ArunachalPradesh,Z07.3.15_1,0,0,552
UpperSubansiri,ArunachalPradesh,Z07.3.16_1,0,0,552
WestKameng,ArunachalPradesh,Z07.3.17_1,0,0,552
WestSiang,ArunachalPradesh,Z07.3.18_1,0,0,552
Baksa,Assam,IND.4.1_1,0,0,552
Barpeta,Assam,IND.4.2_1,0,0,552
Bongaigaon,Assam,IND.4.3_1,0,0,552
Cachar,Assam,IND.4.4_1,0,0,552
Chirang,Assam,IND.4.5_1,0,0,552
Darrang,Assam,IND.4.6_1,0,0,552
Dhemaji,Assam,IND.4.7_1,0,0,552
Dhubri,Assam,IND.4.8_1,0,0,552
Dibrugarh,Assam,IND.4.9_1,0,0,552
DimaHasao,Assam,IND.4.10_1,0,0,552
Goalpara,Assam,IND.4.11_1,0,0,552
Golaghat,Assam,IND.4.12_1,0,0,552
Hailakandi,Assam,IND.4.13_1,0,0,552
Jorhat,Assam,IND.4.14_1,0,0,552
Kamrup,Assam,IND.4.16_1,0,0,552
KamrupMetropolitan,Assam,IND.4.15_1,0,0,552
KarbiAnglong,Assam,IND.4.17_1,0,0,552
Karimganj,Assam,IND.4.18_1,0,0,552
Kokrajhar,Assam,IND.4.19_1,0,0,552
Lakhimpur,Assam,IND.4.20_1,0,0,552
Morigaon,Assam,IND.4.21_1,0,0,552
Nagaon,Assam,IND.4.22_1,0,0,552
Nalbari,Assam,IND.4.23_1,0,0,552
Sivasagar,Assam,IND.4.24_1,0,0,552
Sonitpur,Assam,IND.4.25_1,0,0,552
Tinsukia,Assam,IND.4.26_1,0,0,552
Udalguri,Assam,IND.4.27_1,0,0,552
Araria,Bihar,IND.5.1_1,0,0,552
Arwal,Bihar,IND.5.2_1,1,2,552
Aurangabad,Bihar,IND.5.3_1,3,4,552
Banka,Bihar,IND.5.4_1,0,0,552
Begusarai,Bihar,IND.5.5_1,0,0,552
Bhagalpur,Bihar,IND.5.6_1,0,0,552
Bhojpur,Bihar,IND.5.7_1,1,1,552
Buxar,Bihar,IND.5.8_1,1,2,552
Darbhanga,Bihar,IND.5.9_1,0,0,552
Gaya,Bihar,IND.5.10_1,1,2,552
Gopalganj,Bihar,IND.5.11_1,1,1,552
Jamui,Bihar,IND.5.12_1,0,0,552
Jehanabad,Bihar,IND.5.13_1,1,1,552
Kaimur,Bihar,IND.5.14_1,3,4,552
Katihar,Bihar,IND.5.15_1,0,0,552
Khagaria,Bihar,IND.5.16_1,0,0,552
Kishanganj,Bihar,IND.5.17_1,0,0,552
Lakhisarai,Bihar,IND.5.18_1,0,0,552
Madhepura,Bihar,IND.5.19_1,0,0,552
Madhubani,Bihar,IND.5.20_1,0,0,552
Munger,Bihar,IND.5.21_1,0,0,552
Muzaffarpur,Bihar,IND.5.22_1,0,0,552
Nalanda,Bihar,IND.5.23_1,1,1,552
Nawada,Bihar,IND.5.24_1,0,0,552
PashchimChamparan,Bihar,IND.5.25_1,0,0,552
Patna,Bihar,IND.5.26_1,1,1,552
PurbaChamparan,Bihar,IND.5.27_1,0,0,552
Purnia,Bihar,IND.5.28_1,0,0,552
Rohtas,Bihar,IND.5.29_1,3,4,552
Saharsa,Bihar,IND.5.30_1,0,0,552
Samastipur,Bihar,IND.5.31_1,0,0,552
Saran,Bihar,IND.5.32_1,1,1,552
Sheikhpura,Bihar,IND.5.33_1,0,0,552
Sheohar,Bihar,IND.5.34_1,0,0,552
Sitamarhi,Bihar,IND.5.35_1,0,0,552
Siwan,Bihar,IND.5.36_1,1,1,552
Supaul,Bihar,IND.5.37_1,0,0,552
Vaishali,Bihar,IND.5.38_1,0,0,552
Chandigarh,Chandigarh,IND.6.1_1,0,0,552
Balod,Chhattisgarh,IND.7.2_1,11,17,552
BalodaBazar,Chhattisgarh,IND.7.1_1,16,24,552
Balrampur,Chhattisgarh,IND.7.3_1,0,0,552
Bastar,Chhattisgarh,IND.7.4_1,0,0,552
Bemetara,Chhattisgarh,IND.7.5_1,16,25,552
Bijapur,Chhattisgarh,IND.7.6_1,0,0,552
Bilaspur,Chhattisgarh,IND.7.7_1,7,10,552
Dantewada,Chhattisgarh,IND.7.8_1,0,0,552
Dhamtari,Chhattisgarh,IND.7.9_1,7,10,552
Durg,Chhattisgarh,IND.7.10_1,13,20,552
Gariaband,Chhattisgarh,IND.7.11_1,0,0,552
Janjgir-Champa,Chhattisgarh,IND.7.12_1,11,17,552
Jashpur,Chhattisgarh,IND.7.13_1,0,0,552
Kabeerdham,Chhattisgarh,IND.7.14_1,5,7,552
Kondagaon,Chhattisgarh,IND.7.15_1,0,0,552
Korba,Chhattisgarh,IND.7.16_1,3,5,552
Koriya,Chhattisgarh,IND.7.17_1,0,0,552
Mahasamund,Chhattisgarh,IND.7.18_1,12,19,552
Mungeli,Chhattisgarh,IND.7.19_1,9,14,552
Narayanpur,Chhattisgarh,IND.7.20_1,0,0,552
Raigarh,Chhattisgarh,IND.7.21_1,5,8,552
Raipur,Chhattisgarh,IND.7.22_1,12,18,552
Rajnandgaon,Chhattisgarh,IND.7.23_1,12,19,552
Sukma,Chhattisgarh,IND.7.24_1,0,0,552
Surajpur,Chhattisgarh,IND.7.25_1,0,0,552
Surguja,Chhattisgarh,IND.7.26_1,0,0,552
UttarBastarKanker,Chhattisgarh,IND.7.27_1,6,9,552
DadraandNagarHaveli,DadraandNagarHaveli,IND.8.1_1,0,0,552
Daman,DamanandDiu,IND.9.1_1,0,0,552
Diu,DamanandDiu,IND.9.2_1,0,0,552
NorthGoa,Goa,IND.10.1_1,0,0,552
SouthGoa,Goa,IND.10.2_1,0,0,552
Ahmadabad,Gujarat,IND.11.1_1,0,0,552
Amreli,Gujarat,IND.11.2_1,0,0,552
Anand,Gujarat,IND.11.3_1,0,0,552
Aravalli,Gujarat,IND.11.4_1,0,0,552
BanasKantha,Gujarat,IND.11.5_1,0,0,552
Bharuch,Gujarat,IND.11.6_1,0,0,552
Bhavnagar,Gujarat,IND.11.7_1,0,0,552
Botad,Gujarat,IND.11.8_1,1,2,552
ChhotaUdaipur,Gujarat,IND.11.9_1,0,0,552
Dahod,Gujarat,IND.11.10_1,0,0,552
DevbhumiDwarka,Gujarat,IND.11.11_1,0,0,552
Gandhinagar,Gujarat,IND.11.12_1,0,0,552
GirSomnath,Gujarat,IND.11.13_1,0,0,552
Jamnagar,Gujarat,IND.11.14_1,0,0,552
Junagadh,Gujarat,IND.11.15_1,0,0,552
Kachchh,Gujarat,IND.11.16_1,0,0,552
Kheda,Gujarat,IND.11.17_1,0,0,552
Mahesana,Gujarat,IND.11.18_1,0,0,552
Mahisagar,Gujarat,IND.11.19_1,0,0,552
Morbi,Gujarat,IND.11.20_1,0,0,552
Narmada,Gujarat,IND.11.21_1,0,0,552
Navsari,Gujarat,IND.11.22_1,0,0,552
PanchMahals,Gujarat,IND.11.23_1,0,0,552
Patan,Gujarat,IND.11.24_1,1,2,552
Porbandar,Gujarat,IND.11.25_1,0,0,552
Rajkot,Gujarat,IND.11.26_1,0,0,552
SabarKantha,Gujarat,IND.11.27_1,0,0,552
Surat,Gujarat,IND.11.28_1,0,0,552
Surendranagar,Gujarat,IND.11.29_1,0,0,552
Tapi,Gujarat,IND.11.30_1,0,0,552
TheDangs,Gujarat,IND.11.31_1,0,0,552
Vadodara,Gujarat,IND.11.32_1,0,0,552
Valsad,Gujarat,IND.11.33_1,0,0,552
Ambala,Haryana,IND.12.1_1,0,0,552
Bhiwani,Haryana,IND.12.2_1,10,16,552
Faridabad,Haryana,IND.12.3_1,7,10,552
Fatehabad,Haryana,IND.12.4_1,8,12,552
Gurgaon,Haryana,IND.12.5_1,7,11,552
Hisar,Haryana,IND.12.6_1,11,17,552
Jhajjar,Haryana,IND.12.7_1,7,10,552
Jind,Haryana,IND.12.8_1,4,6,552
Kaithal,Haryana,IND.12.9_1,1,1,552
Karnal,Haryana,IND.12.10_1,0,0,552
Kurukshetra,Haryana,IND.12.11_1,0,0,552
Mahendragarh,Haryana,IND.12.12_1,6,9,552
Mewat,Haryana,IND.12.13_1,8,12,552
Palwal,Haryana,IND.12.14_1,5,7,552
Panchkula,Haryana,IND.12.15_1,0,0,552
Panipat,Haryana,IND.12.16_1,1,2,552
Rewari,Haryana,IND.12.17_1,8,12,552
Rohtak,Haryana,IND.12.18_1,7,11,552
Sirsa,Haryana,IND.12.19_1,11,17,552
Sonipat,Haryana,IND.12.20_1,1,2,552
Yamunanagar,Haryana,IND.12.21_1,0,0,552
Bilaspur,HimachalPradesh,IND.13.1_1,0,0,552
Chamba,HimachalPradesh,IND.13.2_1,0,0,552
Hamirpur,HimachalPradesh,IND.13.3_1,0,0,552
Kangra,HimachalPradesh,IND.13.4_1,0,0,552
Kinnaur,HimachalPradesh,IND.13.5_1,0,0,552
Kinnaur,HimachalPradesh,Z04.13.5_1,0,0,552
Kinnaur,HimachalPradesh,Z09.13.5_1,0,0,552
Kullu,HimachalPradesh,IND.13.6_1,0,0,552
Lahul&Spiti,HimachalPradesh,IND.13.7_1,0,0,552
Lahul&Spiti,HimachalPradesh,Z04.13.7_1,0,0,552
Mandi,HimachalPradesh,IND.13.8_1,0,0,552
Shimla,HimachalPradesh,IND.13.9_1,0,0,552
Sirmaur,HimachalPradesh,IND.13.10_1,0,0,552
Solan,HimachalPradesh,IND.13.11_1,0,0,552
Una,HimachalPradesh,IND.13.12_1,0,0,552
Anantnag,JammuandKashmir,Z01.14.1_1,0,0,552
Badgam,JammuandKashmir,Z01.14.2_1,0,0,552
Bandipore,JammuandKashmir,Z01.14.3_1,0,0,552
Baramulla,JammuandKashmir,Z01.14.4_1,0,0,552
Doda,JammuandKashmir,Z01.14.5_1,0,0,552
Ganderbal,JammuandKashmir,Z01.14.6_1,0,0,552
Jammu,JammuandKashmir,Z01.14.7_1,0,0,552
Kargil,JammuandKashmir,Z01.14.8_1,0,0,552
Kathua,JammuandKashmir,Z01.14.9_1,0,0,552
Kishtwar,JammuandKashmir,Z01.14.10_1,0,0,552
Kulgam,JammuandKashmir,Z01.14.11_1,0,0,552
Kupwara,JammuandKashmir,Z01.14.12_1,0,0,552
Leh(Ladakh),JammuandKashmir,Z01.14.13_1,0,0,552
Poonch,JammuandKashmir,Z01.14.14_1,0,0,552
Pulwama,JammuandKashmir,Z01.14.15_1,0,0,552
Rajouri,JammuandKashmir,Z01.14.16_1,0,0,552
Ramban,JammuandKashmir,Z01.14.17_1,0,0,552
Reasi,JammuandKashmir,Z01.14.18_1,0,0,552
Samba,JammuandKashmir,Z01.14.19_1,0,0,552
Shupiyan,JammuandKashmir,Z01.14.20_1,0,0,552
Srinagar,JammuandKashmir,Z01.14.21_1,0,0,552
Udhampur,JammuandKashmir,Z01.14.22_1,0,0,552
Bokaro,Jharkhand,IND.15.1_1,0,0,552
Chatra,Jharkhand,IND.15.2_1,0,0,552
Deoghar,Jharkhand,IND.15.3_1,0,0,552
Dhanbad,Jharkhand,IND.15.4_1,0,0,552
Dumka,Jharkhand,IND.15.5_1,0,0,552
Garhwa,Jharkhand,IND.15.6_1,1,1,552
Giridih,Jharkhand,IND.15.7_1,0,0,552
Godda,Jharkhand,IND.15.8_1,0,0,552
Gumla,Jharkhand,IND.15.9_1,0,0,552
Hazaribagh,Jharkhand,IND.15.10_1,0,0,552
Jamtara,Jharkhand,IND.15.11_1,0,0,552
Khunti,Jharkhand,IND.15.12_1,0,0,552
Kodarma,Jharkhand,IND.15.13_1,0,0,552
Latehar,Jharkhand,IND.15.14_1,0,0,552
Lohardaga,Jharkhand,IND.15.15_1,0,0,552
Pakur,Jharkhand,IND.15.16_1,0,0,552
Palamu,Jharkhand,IND.15.17_1,1,1,552
PashchimiSinghbhum,Jharkhand,IND.15.18_1,0,0,552
PurbiSinghbhum,Jharkhand,IND.15.19_1,0,0,552
Ramgarh,Jharkhand,IND.15.20_1,0,0,552
Ranchi,Jharkhand,IND.15.21_1,0,0,552
Sahibganj,Jharkhand,IND.15.22_1,0,0,552
Saraikela-kharsawan,Jharkhand,IND.15.23_1,0,0,552
Simdega,Jharkhand,IND.15.24_1,0,0,552
Bagalkot,Karnataka,IND.16.1_1,0,0,552
Bangalore,Karnataka,IND.16.3_1,0,0,552
BangaloreRural,Karnataka,IND.16.2_1,0,0,552
Belgaum,Karnataka,IND.16.4_1,0,0,552
Bellary,Karnataka,IND.16.5_1,0,0,552
Bidar,Karnataka,IND.16.6_1,1,1,552
Bijapur,Karnataka,IND.16.7_1,0,0,552
Chamrajnagar,Karnataka,IND.16.8_1,0,0,552
Chikballapura,Karnataka,IND.16.9_1,0,0,552
Chikmagalur,Karnataka,IND.16.10_1,0,0,552
Chitradurga,Karnataka,IND.16.11_1,0,0,552
DakshinaKannada,Karnataka,IND.16.12_1,0,0,552
Davanagere,Karnataka,IND.16.13_1,0,0,552
Dharwad,Karnataka,IND.16.14_1,0,0,552
Gadag,Karnataka,IND.16.15_1,0,0,552
Gulbarga,Karnataka,IND.16.16_1,1,1,552
Hassan,Karnataka,IND.16.17_1,0,0,552
Haveri,Karnataka,IND.16.18_1,0,0,552
Kodagu,Karnataka,IND.16.19_1,0,0,552
Kolar,Karnataka,IND.16.20_1,0,0,552
Koppal,Karnataka,IND.16.21_1,0,0,552
Mandya,Karnataka,IND.16.22_1,0,0,552
Mysore,Karnataka,IND.16.23_1,0,0,552
Raichur,Karnataka,IND.16.24_1,0,0,552
Ramanagara,Karnataka,IND.16.25_1,0,0,552
Shimoga,Karnataka,IND.16.26_1,0,0,552
Tumkur,Karnataka,IND.16.27_1,0,0,552
Udupi,Karnataka,IND.16.28_1,0,0,552
UttaraKannada,Karnataka,IND.16.29_1,0,0,552
Yadgir,Karnataka,IND.16.30_1,0,0,552
Alappuzha,Kerala,IND.17.1_1,0,0,552
Ernakulam,Kerala,IND.17.2_1,0,0,552
Idukki,Kerala,IND.17.3_1,0,0,552
Kannur,Kerala,IND.17.4_1,0,0,552
Kasaragod,Kerala,IND.17.5_1,0,0,552
Kollam,Kerala,IND.17.6_1,0,0,552
Kottayam,Kerala,IND.17.7_1,0,0,552
Kozhikode,Kerala,IND.17.8_1,0,0,552
Malappuram,Kerala,IND.17.9_1,0,0,552
Palakkad,Kerala,IND.17.10_1,0,0,552
Pathanamthitta,Kerala,IND.17.11_1,0,0,552
Thiruvananthapuram,Kerala,IND.17.12_1,0,0,552
Thrissur,Kerala,IND.17.13_1,0,0,552
Wayanad,Kerala,IND.17.14_1,0,0,552
Lakshadweep,Lakshadweep,IND.18.1_1,0,0,552
AgarMalwa,MadhyaPradesh,IND.19.1_1,3,5,552
Alirajpur,MadhyaPradesh,IND.19.2_1,0,0,552
Anuppur,MadhyaPradesh,IND.19.3_1,0,0,552
Ashoknagar,MadhyaPradesh,IND.19.4_1,3,5,552
Balaghat,MadhyaPradesh,IND.19.5_1,0,0,552
Barwani,MadhyaPradesh,IND.19.6_1,0,0,552
Betul,MadhyaPradesh,IND.19.7_1,0,0,552
Bhind,MadhyaPradesh,IND.19.8_1,12,19,552
Bhopal,MadhyaPradesh,IND.19.9_1,3,5,552
Burhanpur,MadhyaPradesh,IND.19.10_1,11,17,552
Chhatarpur,MadhyaPradesh,IND.19.11_1,12,19,552
Chhindwara,MadhyaPradesh,IND.19.12_1,0,0,552
Damoh,MadhyaPradesh,IND.19.13_1,6,9,552
Datia,MadhyaPradesh,IND.19.14_1,18,27,552
Dewas,MadhyaPradesh,IND.19.15_1,3,4,552
Dhar,MadhyaPradesh,IND.19.16_1,0,0,552
Dindori,MadhyaPradesh,IND.19.17_1,0,0,552
EastNimar,MadhyaPradesh,IND.19.18_1,11,17,552
Guna,MadhyaPradesh,IND.19.19_1,5,7,552
Gwalior,MadhyaPradesh,IND.19.20_1,12,18,552
Harda,MadhyaPradesh,IND.19.21_1,10,16,552
Hoshangabad,MadhyaPradesh,IND.19.22_1,1,2,552
Indore,MadhyaPradesh,IND.19.23_1,0,0,552
Jabalpur,MadhyaPradesh,IND.19.24_1,7,10,552
Jhabua,MadhyaPradesh,IND.19.25_1,0,0,552
Katni,MadhyaPradesh,IND.19.26_1,2,3,552
Mandla,MadhyaPradesh,IND.19.27_1,3,5,552
Mandsaur,MadhyaPradesh,IND.19.28_1,3,4,552
Morena,MadhyaPradesh,IND.19.29_1,11,17,552
Narsimhapur,MadhyaPradesh,IND.19.30_1,7,11,552
Neemuch,MadhyaPradesh,IND.19.31_1,1,1,552
Panna,MadhyaPradesh,IND.19.32_1,7,11,552
Raisen,MadhyaPradesh,IND.19.33_1,5,8,552
Rajgarh,MadhyaPradesh,IND.19.34_1,8,13,552
Ratlam,MadhyaPradesh,IND.19.35_1,0,0,552
Rewa,MadhyaPradesh,IND.19.36_1,2,3,552
Sagar,MadhyaPradesh,IND.19.37_1,3,5,552
Satna,MadhyaPradesh,IND.19.38_1,2,3,552
Sehore,MadhyaPradesh,IND.19.39_1,4,6,552
Seoni,MadhyaPradesh,IND.19.40_1,7,10,552
Shahdol,MadhyaPradesh,IND.19.41_1,1,1,552
Shajapur,MadhyaPradesh,IND.19.42_1,3,5,552
Sheopur,MadhyaPradesh,IND.19.43_1,4,6,552
Shivpuri,MadhyaPradesh,IND.19.44_1,4,6,552
Sidhi,MadhyaPradesh,IND.19.45_1,1,1,552
Singrauli,MadhyaPradesh,IND.19.46_1,0,0,552
Tikamgarh,MadhyaPradesh,IND.19.47_1,9,14,552
Ujjain,MadhyaPradesh,IND.19.48_1,0,0,552
Umaria,MadhyaPradesh,IND.19.49_1,1,1,552
Vidisha,MadhyaPradesh,IND.19.50_1,6,9,552
WestNimar,MadhyaPradesh,IND.19.51_1,2,3,552
Ahmadnagar,Maharashtra,IND.20.1_1,0,0,552
Akola,Maharashtra,IND.20.2_1,12,19,552
Amravati,Maharashtra,IND.20.3_1,14,21,552
Aurangabad,Maharashtra,IND.20.4_1,0,0,552
Bhandara,Maharashtra,IND.20.5_1,18,27,552
Bid,Maharashtra,IND.20.6_1,0,0,552
Buldana,Maharashtra,IND.20.7_1,0,0,552
Chandrapur,Maharashtra,IND.20.8_1,23,35,552
Dhule,Maharashtra,IND.20.9_1,0,0,552
Garhchiroli,Maharashtra,IND.20.10_1,9,14,552
Gondiya,Maharashtra,IND.20.11_1,16,24,552
Hingoli,Maharashtra,IND.20.12_1,4,6,552
Jalgaon,Maharashtra,IND.20.13_1,2,3,552
Jalna,Maharashtra,IND.20.14_1,1,1,552
Kolhapur,Maharashtra,IND.20.15_1,0,0,552
Latur,Maharashtra,IND.20.16_1,0,0,552
MumbaiCity,Maharashtra,IND.20.17_1,0,0,552
MumbaiSuburban,Maharashtra,IND.20.18_1,0,0,552
Nagpur,Maharashtra,IND.20.19_1,21,32,552
Nanded,Maharashtra,IND.20.20_1,10,15,552
Nandurbar,Maharashtra,IND.20.21_1,0,0,552
Nashik,Maharashtra,IND.20.22_1,0,0,552
Osmanabad,Maharashtra,IND.20.23_1,0,0,552
Palghar,Maharashtra,IND.20.24_1,0,0,552
Parbhani,Maharashtra,IND.20.25_1,5,8,552
Pune,Maharashtra,IND.20.26_1,0,0,552
Raigarh,Maharashtra,IND.20.27_1,0,0,552
Ratnagiri,Maharashtra,IND.20.28_1,0,0,552
Sangli,Maharashtra,IND.20.29_1,0,0,552
Satara,Maharashtra,IND.20.30_1,0,0,552
Sindhudurg,Maharashtra,IND.20.31_1,0,0,552
Solapur,Maharashtra,IND.20.32_1,0,0,552
Thane,Maharashtra,IND.20.33_1,0,0,552
Wardha,Maharashtra,IND.20.34_1,23,36,552
Washim,Maharashtra,IND.20.35_1,0,0,552
Yavatmal,Maharashtra,IND.20.36_1,23,35,552
Bishnupur,Manipur,IND.21.1_1,0,0,552
Chandel,Manipur,IND.21.2_1,0,0,552
Churachandpur,Manipur,IND.21.3_1,0,0,552
ImphalEast,Manipur,IND.21.4_1,0,0,552
ImphalWest,Manipur,IND.21.5_1,0,0,552
Senapati,Manipur,IND.21.6_1,0,0,552
Tamenglong,Manipur,IND.21.7_1,0,0,552
Thoubal,Manipur,IND.21.8_1,0,0,552
Ukhrul,Manipur,IND.21.9_1,0,0,552
EastGaroHills,Meghalaya,IND.22.1_1,0,0,552
EastKhasiHills,Meghalaya,IND.22.2_1,0,0,552
JaintiaHills,Meghalaya,IND.22.3_1,0,0,552
NorthGaroHills,Meghalaya,IND.22.4_1,0,0,552
RiBhoi,Meghalaya,IND.22.5_1,0,0,552
SouthGaroHills,Meghalaya,IND.22.6_1,0,0,552
SouthWestGaroHills,Meghalaya,IND.22.7_1,0,0,552
SouthWestKhasiHills,Meghalaya,IND.22.8_1,0,0,552
WestGaroHills,Meghalaya,IND.22.9_1,0,0,552
WestKhasiHills,Meghalaya,IND.22.10_1,0,0,552
Aizawl,Mizoram,IND.23.1_1,0,0,552
Champhai,Mizoram,IND.23.2_1,0,0,552
Kolasib,Mizoram,IND.23.3_1,0,0,552
Lawangtlai,Mizoram,IND.23.4_1,0,0,552
Lunglei,Mizoram,IND.23.5_1,0,0,552
Mamit,Mizoram,IND.23.6_1,0,0,552
Saiha,Mizoram,IND.23.7_1,0,0,552
Serchhip,Mizoram,IND.23.8_1,0,0,552
Dimapur,Nagaland,IND.24.1_1,0,0,552
Kiphire,Nagaland,IND.24.2_1,0,0,552
Kohima,Nagaland,IND.24.3_1,0,0,552
Longleng,Nagaland,IND.24.4_1,0,0,552
Mokokchung,Nagaland,IND.24.5_1,0,0,552
Mon,Nagaland,IND.24.6_1,0,0,552
Peren,Nagaland,IND.24.7_1,0,0,552
Phek,Nagaland,IND.24.8_1,0,0,552
Tuensang,Nagaland,IND.24.9_1,0,0,552
Wokha,Nagaland,IND.24.10_1,0,0,552
Zunheboto,Nagaland,IND.24.11_1,0,0,552
West,NCTofDelhi,IND.25.1_1,4,6,552
Anugul,Odisha,IND.26.1_1,0,0,552
Balangir,Odisha,IND.26.2_1,11,17,552
Baleshwar,Odisha,IND.26.3_1,0,0,552
Bargarh,Odisha,IND.26.4_1,12,18,552
Bauda,Odisha,IND.26.5_1,0,0,552
Bhadrak,Odisha,IND.26.6_1,0,0,552
Cuttack,Odisha,IND.26.7_1,0,0,552
Debagarh,Odisha,IND.26.8_1,0,0,552
Dhenkanal,Odisha,IND.26.9_1,0,0,552
Gajapati,Odisha,IND.26.10_1,0,0,552
Ganjam,Odisha,IND.26.11_1,0,0,552
Jagatsinghapur,Odisha,IND.26.12_1,0,0,552
Jajapur,Odisha,IND.26.13_1,0,0,552
Jharsuguda,Odisha,IND.26.14_1,2,3,552
Kalahandi,Odisha,IND.26.15_1,3,4,552
Kandhamal,Odisha,IND.26.16_1,0,0,552
Kendrapara,Odisha,IND.26.17_1,0,0,552
Kendujhar,Odisha,IND.26.18_1,0,0,552
Khordha,Odisha,IND.26.19_1,0,0,552
Koraput,Odisha,IND.26.20_1,0,0,552
Malkangiri,Odisha,IND.26.21_1,0,0,552
Mayurbhanj,Odisha,IND.26.22_1,0,0,552
Nabarangapur,Odisha,IND.26.23_1,0,0,552
Nayagarh,Odisha,IND.26.24_1,0,0,552
Nuapada,Odisha,IND.26.25_1,5,8,552
Puri,Odisha,IND.26.26_1,0,0,552
Rayagada,Odisha,IND.26.27_1,0,0,552
Sambalpur,Odisha,IND.26.28_1,0,0,552
Subarnapur,Odisha,IND.26.29_1,12,19,552
Sundargarh,Odisha,IND.26.30_1,0,0,552
Karaikal,Puducherry,IND.27.1_1,0,0,552
Mahe,Puducherry,IND.27.2_1,0,0,552
Puducherry,Puducherry,IND.27.3_1,0,0,552
Yanam,Puducherry,IND.27.4_1,0,0,552
Amritsar,Punjab,IND.28.1_1,0,0,552
Barnala,Punjab,IND.28.2_1,1,1,552
Bathinda,Punjab,IND.28.3_1,7,11,552
Faridkot,Punjab,IND.28.4_1,4,6,552
FatehgarhSahib,Punjab,IND.28.5_1,0,0,552
Fazilka,Punjab,IND.28.6_1,13,20,552
Firozpur,Punjab,IND.28.7_1,2,3,552
Gurdaspur,Punjab,IND.28.8_1,0,0,552
Hoshiarpur,Punjab,IND.28.9_1,0,0,552
Jalandhar,Punjab,IND.28.10_1,0,0,552
Kapurthala,Punjab,IND.28.11_1,0,0,552
Ludhiana,Punjab,IND.28.12_1,0,0,552
Mansa,Punjab,IND.28.13_1,4,6,552
Moga,Punjab,IND.28.14_1,0,0,552
Muktsar,Punjab,IND.28.15_1,10,15,552
Pathankot,Punjab,IND.28.16_1,0,0,552
Patiala,Punjab,IND.28.17_1,0,0,552
Rupnagar,Punjab,IND.28.18_1,0,0,552
SahibzadaAjitSinghNagar,Punjab,IND.28.19_1,0,0,552
Sangrur,Punjab,IND.28.20_1,0,0,552
ShahidBhagatSinghNagar,Punjab,IND.28.21_1,0,0,552
TarnTaran,Punjab,IND.28.22_1,0,0,552
Ajmer,Rajasthan,IND.29.1_1,5,8,552
Alwar,Rajasthan,IND.29.2_1,5,8,552
Banswara,Rajasthan,IND.29.3_1,1,1,552
Baran,Rajasthan,IND.29.4_1,11,17,552
Barmer,Rajasthan,IND.29.5_1,4,6,552
Bharatpur,Rajasthan,IND.29.6_1,10,16,552
Bhilwara,Rajasthan,IND.29.7_1,5,7,552
Bikaner,Rajasthan,IND.29.8_1,43,66,552
Bundi,Rajasthan,IND.29.9_1,23,35,552
Chittaurgarh,Rajasthan,IND.29.10_1,1,1,552
Churu,Rajasthan,IND.29.11_1,22,33,552
Dausa,Rajasthan,IND.29.12_1,7,10,552
Dhaulpur,Rajasthan,IND.29.13_1,12,18,552
Dungarpur,Rajasthan,IND.29.14_1,1,1,552
Ganganagar,Rajasthan,IND.29.15_1,20,31,552
Hanumangarh,Rajasthan,IND.29.16_1,20,31,552
Jaipur,Rajasthan,IND.29.17_1,1,2,552
Jaisalmer,Rajasthan,IND.29.18_1,24,37,552
Jalor,Rajasthan,IND.29.19_1,0,0,552
Jhalawar,Rajasthan,IND.29.20_1,15,23,552
Jhunjhunun,Rajasthan,IND.29.21_1,5,8,552
Jodhpur,Rajasthan,IND.29.22_1,3,5,552
Karauli,Rajasthan,IND.29.23_1,10,15,552
Kota,Rajasthan,IND.29.24_1,26,40,552
Nagaur,Rajasthan,IND.29.25_1,4,6,552
Pali,Rajasthan,IND.29.26_1,1,2,552
Pratapgarh,Rajasthan,IND.29.27_1,0,0,552
Rajsamand,Rajasthan,IND.29.28_1,0,0,552
SawaiMadhopur,Rajasthan,IND.29.29_1,20,30,552
Sikar,Rajasthan,IND.29.30_1,0,0,552
Sirohi,Rajasthan,IND.29.31_1,0,0,552
Tonk,Rajasthan,IND.29.32_1,16,25,552
Udaipur,Rajasthan,IND.29.33_1,0,0,552
EastSikkim,Sikkim,IND.30.1_1,0,0,552
NorthSikkim,Sikkim,IND.30.2_1,0,0,552
SouthSikkim,Sikkim,IND.30.3_1,0,0,552
WestSikkim,Sikkim,IND.30.4_1,0,0,552
Ariyalur,TamilNadu,IND.31.1_1,0,0,552
Chennai,TamilNadu,IND.31.2_1,0,0,552
Coimbatore,TamilNadu,IND.31.3_1,0,0,552
Cuddalore,TamilNadu,IND.31.4_1,0,0,552
Dharmapuri,TamilNadu,IND.31.5_1,0,0,552
Dindigul,TamilNadu,IND.31.6_1,0,0,552
Erode,TamilNadu,IND.31.7_1,0,0,552
Kancheepuram,TamilNadu,IND.31.8_1,0,0,552
Kanniyakumari,TamilNadu,IND.31.9_1,0,0,552
Karur,TamilNadu,IND.31.10_1,0,0,552
Krishnagiri,TamilNadu,IND.31.11_1,0,0,552
Madurai,TamilNadu,IND.31.12_1,0,0,552
Nagappattinam,TamilNadu,IND.31.13_1,0,0,552
Namakkal,TamilNadu,IND.31.14_1,0,0,552
Perambalur,TamilNadu,IND.31.15_1,0,0,552
Pudukkottai,TamilNadu,IND.31.16_1,0,0,552
Ramanathapuram,TamilNadu,IND.31.17_1,0,0,552
Salem,TamilNadu,IND.31.18_1,0,0,552
Sivaganga,TamilNadu,IND.31.19_1,0,0,552
Thanjavur,TamilNadu,IND.31.20_1,0,0,552
TheNilgiris,TamilNadu,IND.31.21_1,0,0,552
Theni,TamilNadu,IND.31.22_1,0,0,552
Thiruvallur,TamilNadu,IND.31.23_1,0,0,552
Thiruvarur,TamilNadu,IND.31.24_1,0,0,552
Thoothukkudi,TamilNadu,IND.31.25_1,0,0,552
Tiruchirappalli,TamilNadu,IND.31.26_1,0,0,552
Tirunelveli,TamilNadu,IND.31.27_1,0,0,552
Tiruppur,TamilNadu,IND.31.28_1,0,0,552
Tiruvannamalai,TamilNadu,IND.31.29_1,0,0,552
Vellore,TamilNadu,IND.31.30_1,0,0,552
Viluppuram,TamilNadu,IND.31.31_1,0,0,552
Virudunagar,TamilNadu,IND.31.32_1,0,0,552
Adilabad,Telangana,IND.32.1_1,2,3,552
Hyderabad,Telangana,IND.32.2_1,0,0,552
Karimnagar,Telangana,IND.32.3_1,14,21,552
Khammam,Telangana,IND.32.4_1,5,8,552
Mahbubnagar,Telangana,IND.32.5_1,0,0,552
Medak,Telangana,IND.32.6_1,0,0,552
Nalgonda,Telangana,IND.32.7_1,3,4,552
Nizamabad,Telangana,IND.32.8_1,1,1,552
RangaReddy,Telangana,IND.32.9_1,0,0,552
Warangal,Telangana,IND.32.10_1,2,3,552
Dhalai,Tripura,IND.33.1_1,0,0,552
Gomati,Tripura,IND.33.2_1,0,0,552
Khowai,Tripura,IND.33.3_1,0,0,552
NorthTripura,Tripura,IND.33.4_1,0,0,552
Sipahijala,Tripura,IND.33.5_1,0,0,552
SouthTripura,Tripura,IND.33.6_1,0,0,552
Unokoti,Tripura,IND.33.7_1,0,0,552
WestTripura,Tripura,IND.33.8_1,0,0,552
Agra,UttarPradesh,IND.34.1_1,7,11,552
Aligarh,UttarPradesh,IND.34.2_1,4,6,552
Allahabad,UttarPradesh,IND.34.3_1,6,9,552
AmbedkarNagar,UttarPradesh,IND.34.4_1,1,2,552
Amethi,UttarPradesh,IND.34.5_1,2,3,552
Amroha,UttarPradesh,IND.34.6_1,1,1,552
Auraiya,UttarPradesh,IND.34.7_1,4,6,552
Azamgarh,UttarPradesh,IND.34.8_1,1,2,552
Baghpat,UttarPradesh,IND.34.9_1,1,1,552
Bahraich,UttarPradesh,IND.34.10_1,0,0,552
Ballia,UttarPradesh,IND.34.11_1,1,1,552
Balrampur,UttarPradesh,IND.34.12_1,0,0,552
Banda,UttarPradesh,IND.34.13_1,11,17,552
Barabanki,UttarPradesh,IND.34.14_1,1,2,552
Bareilly,UttarPradesh,IND.34.15_1,1,2,552
Basti,UttarPradesh,IND.34.16_1,0,0,552
Bijnor,UttarPradesh,IND.34.17_1,0,0,552
Budaun,UttarPradesh,IND.34.18_1,1,2,552
Bulandshahr,UttarPradesh,IND.34.19_1,2,3,552
Chandauli,UttarPradesh,IND.34.20_1,5,8,552
Chitrakoot,UttarPradesh,IND.34.21_1,10,16,552
Deoria,UttarPradesh,IND.34.22_1,0,0,552
Etah,UttarPradesh,IND.34.23_1,3,5,552
Etawah,UttarPradesh,IND.34.24_1,5,7,552
Faizabad,UttarPradesh,IND.34.25_1,1,2,552
Farrukhabad,UttarPradesh,IND.34.26_1,2,3,552
Fatehpur,UttarPradesh,IND.34.27_1,6,9,552
Firozabad,UttarPradesh,IND.34.28_1,6,9,552
GautamBuddhaNagar,UttarPradesh,IND.34.29_1,3,4,552
Ghaziabad,UttarPradesh,IND.34.30_1,1,2,552
Ghazipur,UttarPradesh,IND.34.31_1,1,2,552
Gonda,UttarPradesh,IND.34.32_1,1,1,552
Gorakhpur,UttarPradesh,IND.34.33_1,0,0,552
Hamirpur,UttarPradesh,IND.34.34_1,16,25,552
Hapur,UttarPradesh,IND.34.35_1,2,3,552
Hardoi,UttarPradesh,IND.34.36_1,1,2,552
Hathras,UttarPradesh,IND.34.37_1,5,8,552
Jalaun,UttarPradesh,IND.34.38_1,13,20,552
Jaunpur,UttarPradesh,IND.34.39_1,5,7,552
Jhansi,UttarPradesh,IND.34.40_1,16,25,552
Kannauj,UttarPradesh,IND.34.41_1,2,3,552
KanpurDehat,UttarPradesh,IND.34.42_1,7,11,552
KanpurNagar,UttarPradesh,IND.34.43_1,5,8,552
Kasganj,UttarPradesh,IND.34.44_1,2,3,552
Kaushambi,UttarPradesh,IND.34.45_1,5,7,552
Kushinagar,UttarPradesh,IND.34.46_1,0,0,552
LakhimpurKheri,UttarPradesh,IND.34.47_1,0,0,552
Lalitpur,UttarPradesh,IND.34.48_1,7,10,552
Lucknow,UttarPradesh,IND.34.49_1,2,3,552
Maharajganj,UttarPradesh,IND.34.50_1,0,0,552
Mahoba,UttarPradesh,IND.34.51_1,18,28,552
Mainpuri,UttarPradesh,IND.34.52_1,3,5,552
Mathura,UttarPradesh,IND.34.53_1,7,10,552
Mau,UttarPradesh,IND.34.54_1,1,2,552
Meerut,UttarPradesh,IND.34.55_1,1,1,552
Mirzapur,UttarPradesh,IND.34.56_1,2,3,552
Moradabad,UttarPradesh,IND.34.57_1,1,1,552
Muzaffarnagar,UttarPradesh,IND.34.58_1,1,1,552
Pilibhit,UttarPradesh,IND.34.59_1,0,0,552
Pratapgarh,UttarPradesh,IND.34.60_1,5,7,552
RaeBareli,UttarPradesh,IND.34.61_1,5,8,552
Rampur,UttarPradesh,IND.34.62_1,1,1,552
Saharanpur,UttarPradesh,IND.34.63_1,0,0,552
Sambhal,UttarPradesh,IND.34.64_1,1,2,552
SantKabirNagar,UttarPradesh,IND.34.65_1,1,1,552
SantRaviDasNagar,UttarPradesh,IND.34.66_1,3,4,552
Shahjahanpur,UttarPradesh,IND.34.67_1,1,2,552
Shamli,UttarPradesh,IND.34.68_1,1,1,552
Shravasti,UttarPradesh,IND.34.69_1,0,0,552
SiddharthNagar,UttarPradesh,IND.34.70_1,0,0,552
Sitapur,UttarPradesh,IND.34.71_1,1,2,552
Sonbhadra,UttarPradesh,IND.34.72_1,1,2,552
Sultanpur,UttarPradesh,IND.34.73_1,2,3,552
Unnao,UttarPradesh,IND.34.74_1,3,5,552
Varanasi,UttarPradesh,IND.34.75_1,2,3,552
Almora,Uttarakhand,IND.35.1_1,0,0,552
Bageshwar,Uttarakhand,IND.35.2_1,0,0,552
Chamoli,Uttarakhand,IND.35.3_1,0,0,552
Chamoli,Uttarakhand,Z05.35.3_1,0,0,552
Champawat,Uttarakhand,IND.35.4_1,0,0,552
Dehradun,Uttarakhand,IND.35.5_1,0,0,552
Garhwal,Uttarakhand,IND.35.6_1,0,0,552
Hardwar,Uttarakhand,IND.35.7_1,0,0,552
Nainital,Uttarakhand,IND.35.8_1,0,0,552
Pithoragarh,Uttarakhand,IND.35.9_1,0,0,552
Pithoragarh,Uttarakhand,Z05.35.9_1,0,0,552
Rudraprayag,Uttarakhand,IND.35.10_1,0,0,552
TehriGarhwal,Uttarakhand,IND.35.11_1,0,0,552
UdhamSinghNagar,Uttarakhand,IND.35.12_1,0,0,552
Uttarkashi,Uttarakhand,IND.35.13_1,0,0,552
Uttarkashi,Uttarakhand,Z09.35.13_1,0,0,552
Alipurduar,WestBengal,IND.36.1_1,0,0,552
Bankura,WestBengal,IND.36.2_1,0,0,552
Barddhaman,WestBengal,IND.36.3_1,0,0,552
Birbhum,WestBengal,IND.36.4_1,0,0,552
DakshinDinajpur,WestBengal,IND.36.5_1,0,0,552
Darjiling,WestBengal,IND.36.6_1,0,0,552
Haora,WestBengal,IND.36.7_1,0,0,552
Hugli,WestBengal,IND.36.8_1,0,0,552
Jalpaiguri,WestBengal,IND.36.9_1,0,0,552
KochBihar,WestBengal,IND.36.10_1,0,0,552
Kolkata,WestBengal,IND.36.11_1,0,0,552
Maldah,WestBengal,IND.36.12_1,0,0,552
Murshidabad,WestBengal,IND.36.13_1,0,0,552
Nadia,WestBengal,IND.36.14_1,0,0,552
North24Parganas,WestBengal,IND.36.15_1,0,0,552
PashchimMedinipur,WestBengal,IND.36.16_1,0,0,552
PurbaMedinipur,WestBengal,IND.36.17_1,0,0,552
Puruliya,WestBengal,IND.36.18_1,0,0,552
South24Parganas,WestBengal,IND.36.19_1,0,0,552
UttarDinajpur,WestBengal,IND.36.20_1,0,0,552
