"hotspot_no","state_name","district","block_taluka","village","lat","lng","source_type","contaminant","concentration","unit","bis_limit","exceedance_factor","severity","data_as_of_year","data_source"
"1","Bihar","East Champaran","Turkauliya","","26.60995","84.84336","H.P.","arsenic","0.0856","mg/L","0.01","8.56","very_high","2024","cgwb_annual_report"
"2","Bihar","East Champaran","Motihari","","26.75819","84.97741","H.P.","arsenic","0.0169","mg/L","0.01","1.69","moderate","2024","cgwb_annual_report"
"3","Bihar","East Champaran","Ghorasahan","","26.78612","85.10897","H.P.","arsenic","0.0368","mg/L","0.01","3.68","high","2024","cgwb_annual_report"
"4","Bihar","Muzaffarpur","Bochaha","","26.13468","85.54685","H.P.","arsenic","0.0158","mg/L","0.01","1.58","moderate","2024","cgwb_annual_report"
"5","Madhya Pradesh","Singrauli","Deosar","","24.242","82.0392","DW","arsenic","0.0429","mg/L","0.01","4.29","high","2024","cgwb_annual_report"
"6","West Bengal","Nadia","Chakdah","","23.0929","88.5256","Hand Pump","arsenic","0.0469","mg/L","0.01","4.69","high","2024","cgwb_annual_report"
"7","West Bengal","Nadia","Chakdah","","23.08848","88.5599","Hand Pump","arsenic","0.0192","mg/L","0.01","1.92","moderate","2024","cgwb_annual_report"
"8","West Bengal","Nadia","Chakdah","","23.1093","88.6131","Hand Pump","arsenic","0.0543","mg/L","0.01","5.43","very_high","2024","cgwb_annual_report"
"9","West Bengal","Nadia","Chakdah","","23.095","88.6506","Hand Pump","arsenic","0.0374","mg/L","0.01","3.74","high","2024","cgwb_annual_report"
"10","West Bengal","Nadia","Chakdah","","23.0523","88.533","Hand Pump","arsenic","0.0333","mg/L","0.01","3.33","high","2024","cgwb_annual_report"
"11","West Bengal","Nadia","Chakdah","","23.059","88.5768","Hand Pump","arsenic","0.0309","mg/L","0.01","3.09","high","2024","cgwb_annual_report"
"12","West Bengal","Nadia","Chakdah","","23.0519","88.6285","Hand Pump","arsenic","0.1633","mg/L","0.01","16.33","very_high","2024","cgwb_annual_report"
"13","West Bengal","Nadia","Chakdah","","23.0469","88.6552","Hand Pump","arsenic","0.0192","mg/L","0.01","1.92","moderate","2024","cgwb_annual_report"
"14","West Bengal","Nadia","Chakdah","","23.0049","88.4339","Hand Pump","arsenic","0.0623","mg/L","0.01","6.23","very_high","2024","cgwb_annual_report"
"15","West Bengal","Nadia","Chakdah","","23.0251","88.5198","Hand Pump","arsenic","0.0242","mg/L","0.01","2.42","high","2024","cgwb_annual_report"
"16","West Bengal","Nadia","Harringhata","","22.99178","88.56368","Deep HP","arsenic","0.0619","mg/L","0.01","6.19","very_high","2024","cgwb_annual_report"
"17","West Bengal","Nadia","Harringhata","","23.00443","88.61286","Hand Pump","arsenic","0.0165","mg/L","0.01","1.65","moderate","2024","cgwb_annual_report"
"18","West Bengal","Nadia","Chakdah","","23.017","88.6599","Hand Pump","arsenic","0.0465","mg/L","0.01","4.65","high","2024","cgwb_annual_report"
"19","West Bengal","Nadia","Chakdah","","22.9587","88.4169","Hand Pump","arsenic","0.1417","mg/L","0.01","14.17","very_high","2024","cgwb_annual_report"
"20","West Bengal","Nadia","Chakdah","","22.9827","88.4834","Hand Pump","arsenic","0.0185","mg/L","0.01","1.85","moderate","2024","cgwb_annual_report"
"21","West Bengal","Nadia","Harringhata","","22.95507","88.57295","Hand Pump","arsenic","0.0127","mg/L","0.01","1.27","moderate","2024","cgwb_annual_report"
"22","West Bengal","Nadia","Harringhata","","22.98056","88.66083","Hand Pump","arsenic","0.0126","mg/L","0.01","1.26","moderate","2024","cgwb_annual_report"
"23","West Bengal","Nadia","Chakdah","","22.9485","88.4961","Hand Pump","arsenic","0.0265","mg/L","0.01","2.65","high","2024","cgwb_annual_report"
"24","West Bengal","Nadia","Harringhata","","22.92498","88.56096","Hand Pump","arsenic","0.0113","mg/L","0.01","1.13","moderate","2024","cgwb_annual_report"
"25","West Bengal","Nadia","Harringhata","","22.93531","88.61568","Hand Pump","arsenic","0.0127","mg/L","0.01","1.27","moderate","2024","cgwb_annual_report"
"26","West Bengal","Nadia","Harringhata","","22.92902","88.64257","Hand Pump","arsenic","0.0109","mg/L","0.01","1.09","moderate","2024","cgwb_annual_report"
"27","Andhra Pradesh","Bapatla","Bapatla","","15.9387","80.476","DW","arsenic","0.0149","mg/L","0.01","1.49","moderate","2024","cgwb_annual_report"
"28","Andhra Pradesh","Guntur","Pedanandipadu","","16.07639","80.30833","DW","arsenic","0.0124","mg/L","0.01","1.24","moderate","2024","cgwb_annual_report"
"29","Andhra Pradesh","Nellore","Atmakur","","14.46795","79.53852","DW","arsenic","0.0391","mg/L","0.01","3.91","high","2024","cgwb_annual_report"
"30","Andhra Pradesh","Palnadu","Rompicherla2","","16.21","79.9133","DW","arsenic","0.0101","mg/L","0.01","1.01","moderate","2024","cgwb_annual_report"
"31","Andhra Pradesh","Prakasam","Kurichedu","","15.9319","79.5939","DW","arsenic","0.0124","mg/L","0.01","1.24","moderate","2024","cgwb_annual_report"
"32","Telangana","Suryapet","Suryapet","","17.13283","79.63073","BW","arsenic","0.0175","mg/L","0.01","1.75","moderate","2024","cgwb_annual_report"
"33","Telangana","Suryapet","Suryapet","","17.18167","79.64444","DW","arsenic","0.0229","mg/L","0.01","2.29","high","2024","cgwb_annual_report"
"34","Uttar Pradesh","Rampur","Milak","","28.67988","79.12907","Handpump","arsenic","0.0153","mg/L","0.01","1.53","moderate","2024","cgwb_annual_report"
"35","Uttar Pradesh","Bijnor","Afzalgarh","","29.3794","78.73179","Handpump","arsenic","0.028","mg/L","0.01","2.8","high","2024","cgwb_annual_report"
"36","Uttar Pradesh","Raebareli","Kheron","","26.29174","80.92767","HP India Mark","arsenic","0.0719","mg/L","0.01","7.19","very_high","2024","cgwb_annual_report"
"37","Uttar Pradesh","Hardoi","Tadiyawan","","27.43792","80.24056","India Mark II HP","arsenic","0.0195","mg/L","0.01","1.95","moderate","2024","cgwb_annual_report"
"38","Uttar Pradesh","Lakhimpur Kheri","Ishanagasr","","27.90759","81.20733","India Mark II HP","arsenic","0.0272","mg/L","0.01","2.72","high","2024","cgwb_annual_report"
"39","Uttar Pradesh","Lakhimpur Kheri","Palia","","28.38561","80.69248","India Mark II HP","arsenic","0.0868","mg/L","0.01","8.68","very_high","2024","cgwb_annual_report"
"40","Uttar Pradesh","Lakhimpur Kheri","Palia Kalan","","28.43734","80.57762","India Mark II HP","arsenic","0.0519","mg/L","0.01","5.19","very_high","2024","cgwb_annual_report"
"41","Uttar Pradesh","Lakhimpur Kheri","Bankeyganj","","28.32348","80.47131","India Mark II HP","arsenic","0.0117","mg/L","0.01","1.17","moderate","2024","cgwb_annual_report"
"42","Uttar Pradesh","Shahjahanpur","Dadraul","","27.83672","79.87013","India Mark II HP","arsenic","0.0131","mg/L","0.01","1.31","moderate","2024","cgwb_annual_report"
"43","Uttar Pradesh","Pilibhit","Puranpur","","28.43746","80.16879","India Mark II HP","arsenic","0.0359","mg/L","0.01","3.59","high","2024","cgwb_annual_report"
"1","Chhattisgarh","Gariyaband","Chhura","Pond","20.81598","81.95103","HP","fluoride","1.95","mg/L","1.5","1.3","moderate","2024","cgwb_annual_report"
"2","Madhya Pradesh","Betul","Amla","Ramli-1","21.911","78.137","HP","fluoride","4.5","mg/L","1.5","3.0","high","2024","cgwb_annual_report"
"3","Madhya Pradesh","Alirajpur","Alirajpur","Fatta","22.266","74.5831","DW","fluoride","5.2","mg/L","1.5","3.467","high","2024","cgwb_annual_report"
"4","Rajasthan","Jaipur","Phagi","Didwata","26.4984","75.72934","TW","fluoride","4.56","mg/L","1.5","3.04","high","2024","cgwb_annual_report"
"5","Rajasthan","Tonk","Tonk","Ghans","26.04389","75.8895","HP","fluoride","6.22","mg/L","1.5","4.147","high","2024","cgwb_annual_report"
"6","Rajasthan","Bundi","Keshorai Patan","Maija","25.3774","75.9189","TW","fluoride","1.65","mg/L","1.5","1.1","moderate","2024","cgwb_annual_report"
"7","Rajasthan","Bharatpur","Nadbai","Nadbai","27.208","77.213","TW","fluoride","1.6","mg/L","1.5","1.067","moderate","2024","cgwb_annual_report"
"8","Rajasthan","Tonk","Tonk","Rustamganj","26.088","75.8368","TW","fluoride","3.9","mg/L","1.5","2.6","high","2024","cgwb_annual_report"
"9","Uttar Pradesh","Agra","Achhnera","Block Office","27.17744","77.74618","HP IM-II","fluoride","1.72","mg/L","1.5","1.147","moderate","2024","cgwb_annual_report"
"10","Uttar Pradesh","Bulandshahr","Shikarpur","Nawada","28.25947","78.06319","HP IM-II","fluoride","1.8","mg/L","1.5","1.2","moderate","2024","cgwb_annual_report"
"11","Uttar Pradesh","Farrukhabad","Mohammdabad","Block Office","27.308","79.43679","HP IM-II","fluoride","1.78","mg/L","1.5","1.187","moderate","2024","cgwb_annual_report"
"12","Uttar Pradesh","Fatehpur","Malwan","Malwan","26.0364","80.707","Hand Pump (IM -II)","fluoride","1.95","mg/L","1.5","1.3","moderate","2024","cgwb_annual_report"
"13","Uttar Pradesh","Firozabad","Eka","Block Office","27.37907","78.60743","HP IM-II","fluoride","1.61","mg/L","1.5","1.073","moderate","2024","cgwb_annual_report"
"14","Uttar Pradesh","Gautam Buddha Nagar","Jewar","Block H.Q","28.125","77.5672","HP IM-II","fluoride","1.7","mg/L","1.5","1.133","moderate","2024","cgwb_annual_report"
"15","Uttar Pradesh","Jhansi","Bamaur","Samserpura","25.68806","79.03611","HP","fluoride","1.92","mg/L","1.5","1.28","moderate","2024","cgwb_annual_report"
"16","Uttar Pradesh","Jhansi","Bangra","Banda","25.15972","79.05583","HP","fluoride","1.52","mg/L","1.5","1.013","moderate","2024","cgwb_annual_report"
"17","Uttar Pradesh","Jhansi","Chirgaon","Kalyanpura","25.60639","78.94111","HP","fluoride","2.09","mg/L","1.5","1.393","moderate","2024","cgwb_annual_report"
"18","Uttar Pradesh","Jhansi","Gursarai","Ghuraiya","25.54639","79.05972","HP","fluoride","1.65","mg/L","1.5","1.1","moderate","2024","cgwb_annual_report"
"19","Uttar Pradesh","Jhansi","Mauranipur","Sinora","25.36","79.07583","HP","fluoride","2.0","mg/L","1.5","1.333","moderate","2024","cgwb_annual_report"
"20","Uttar Pradesh","Jhansi","Moth","Panarri","25.76889","79.02333","HP","fluoride","1.68","mg/L","1.5","1.12","moderate","2024","cgwb_annual_report"
"21","Uttar Pradesh","Kannauj","Haseran","Haseran Block Office","26.91851","79.58062","Indian Mk.II HP","fluoride","2.2","mg/L","1.5","1.467","moderate","2024","cgwb_annual_report"
"22","Uttar Pradesh","Kannauj","Umarda","Thathiya","26.91626","79.89128","Indian Mk.II HP","fluoride","6.6","mg/L","1.5","4.4","high","2024","cgwb_annual_report"
"23","Uttar Pradesh","Kanpur Dehat","Akberpur","Akberpur Block Office","26.38233","79.95612","Indian Mk. II HP","fluoride","6.0","mg/L","1.5","4.0","high","2024","cgwb_annual_report"
"24","Uttar Pradesh","Kanpur Dehat","Maitha","Matikapur","26.51586","80.15629","Indian Mk. II HP","fluoride","4.5","mg/L","1.5","3.0","high","2024","cgwb_annual_report"
"25","Uttar Pradesh","Kaushambi","Newada","Bohagara Sarai","25.37806","81.54417","HP-II","fluoride","3.0","mg/L","1.5","2.0","high","2024","cgwb_annual_report"
"26","Uttar Pradesh","Kaushambi","Sarsawan","Chanderi","25.39444","81.3","HP-II","fluoride","1.68","mg/L","1.5","1.12","moderate","2024","cgwb_annual_report"
"27","Uttar Pradesh","Lalitpur","Jakhora","Baroda Swami","24.87861","78.29611","HP","fluoride","2.05","mg/L","1.5","1.367","moderate","2024","cgwb_annual_report"
"28","Uttar Pradesh","Lalitpur","Mahroni","Gadoli","24.45639","78.77222","HP","fluoride","1.53","mg/L","1.5","1.02","moderate","2024","cgwb_annual_report"
"29","Uttar Pradesh","Lucknow","Mohanlalganj","Nagram","26.61972","81.13333","IM HP-II","fluoride","1.64","mg/L","1.5","1.093","moderate","2024","cgwb_annual_report"
"30","Uttar Pradesh","Mahoba","Kabrai","Barbai","25.48447","80.04352","Hand Pump (IM -II)","fluoride","1.54","mg/L","1.5","1.027","moderate","2024","cgwb_annual_report"
"31","Uttar Pradesh","Mahoba","Kabrai","Ghutbai","25.27283","79.95504","Hand Pump (IM -II)","fluoride","1.5","mg/L","1.5","1.0","moderate","2024","cgwb_annual_report"
"32","Uttar Pradesh","Mahoba","Kabrai","Srinagar","25.17372","79.77889","Hand Pump (IM -II)","fluoride","1.69","mg/L","1.5","1.127","moderate","2024","cgwb_annual_report"
"33","Uttar Pradesh","Mainpuri","Kishni","Block Office","27.0316","79.26555","HP IM-II","fluoride","1.81","mg/L","1.5","1.207","moderate","2024","cgwb_annual_report"
"34","Uttar Pradesh","Mainpuri","Kishni","Near Katra Saman Chauraha, Shiv Temple","27.03046","79.1982","HP IM-II","fluoride","1.65","mg/L","1.5","1.1","moderate","2024","cgwb_annual_report"
"35","Uttar Pradesh","Mathura","Chhata","Block Hq","27.7262","77.5008","HP IM-II","fluoride","3.5","mg/L","1.5","2.333","high","2024","cgwb_annual_report"
"36","Uttar Pradesh","Meerut","Kharkhoda","In Block Office","28.83104","77.74662","IM-II","fluoride","1.6","mg/L","1.5","1.067","moderate","2024","cgwb_annual_report"
"37","Uttar Pradesh","Pratapgarh","Baba Belkhar Nath","Inside Block Office","25.9072","82.0999","HP-II","fluoride","2.4","mg/L","1.5","1.6","moderate","2024","cgwb_annual_report"
"38","Uttar Pradesh","Pratapgarh","Gaura","Block Office","29.09583","77.85528","HP-II","fluoride","1.6","mg/L","1.5","1.067","moderate","2024","cgwb_annual_report"
"39","Uttar Pradesh","Pratapgarh","Sadar","Tonipur","25.88917","81.8925","HP-II","fluoride","5.0","mg/L","1.5","3.333","high","2024","cgwb_annual_report"
"40","Uttar Pradesh","Pratapgarh","Sangipur","Bashuapur","26.01583","81.71083","HP-II","fluoride","1.68","mg/L","1.5","1.12","moderate","2024","cgwb_annual_report"
"41","Uttar Pradesh","Prayagraj","Baharia","Dunnaiya","25.63778","82.00167","HP-II","fluoride","2.04","mg/L","1.5","1.36","moderate","2024","cgwb_annual_report"
"42","Uttar Pradesh","Prayagraj","Shankargarh","Gadaya Lonipara","25.0975","81.70306","HP-II","fluoride","1.56","mg/L","1.5","1.04","moderate","2024","cgwb_annual_report"
"43","Uttar Pradesh","Prayagraj","Baharia","Dunnaiya","25.63778","82.00167","HP-II","fluoride","2.04","mg/L","1.5","1.36","moderate","2024","cgwb_annual_report"
"44","Uttar Pradesh","Raebareli","Chhatoh","Block Hq","26.15987","81.52105","HP India Mark","fluoride","2.21","mg/L","1.5","1.473","moderate","2024","cgwb_annual_report"
"45","Uttar Pradesh","Raebareli","Lalganj","Block Hq","26.16814","80.97926","HP India Mark","fluoride","1.51","mg/L","1.5","1.007","moderate","2024","cgwb_annual_report"
"46","Uttar Pradesh","Raebareli","Sareni","Block Hq","26.155","80.82752","HP India Mark","fluoride","2.04","mg/L","1.5","1.36","moderate","2024","cgwb_annual_report"
"47","Uttar Pradesh","Raebareli","Satawan","Sekhapur, Guru Buxaganj","26.27207","81.02583","HP","fluoride","1.99","mg/L","1.5","1.327","moderate","2024","cgwb_annual_report"
"48","Uttar Pradesh","Sonbhadra","Babhani","Adhoura","23.9111","83.0348","H.P","fluoride","1.95","mg/L","1.5","1.3","moderate","2024","cgwb_annual_report"
"49","Uttar Pradesh","Sonbhadra","Babhani","Mohua Dohar","23.9096","82.9168","H.P","fluoride","1.9","mg/L","1.5","1.267","moderate","2024","cgwb_annual_report"
"50","Uttar Pradesh","Sonbhadra","Myorpur","Liladewa","23.9928","82.9402","H.P","fluoride","1.55","mg/L","1.5","1.033","moderate","2024","cgwb_annual_report"
"51","Uttar Pradesh","Sonbhadra","Myorpur","Lovuhan","24.0829","83.1156","Dugwell","fluoride","2.05","mg/L","1.5","1.367","moderate","2024","cgwb_annual_report"
"52","Uttar Pradesh","Sonbhadra","Myorpur","Nodiya","24.0815","83.2139","H.P","fluoride","1.95","mg/L","1.5","1.3","moderate","2024","cgwb_annual_report"
"53","Uttar Pradesh","Unnao","Bighapur","Block Office","26.3522","80.66526","IM HP-II","fluoride","1.53","mg/L","1.5","1.02","moderate","2024","cgwb_annual_report"
"54","Gujarat","Anand","Petlad","Dharmaj","22.42074","72.78741","Dug Well","fluoride","1.58","mg/L","1.5","1.053","moderate","2024","cgwb_annual_report"
"55","Gujarat","Chhota Udaipur","Jetpur Pavi","Bhindol","22.20107","73.8971","Dug Well","fluoride","2.32","mg/L","1.5","1.547","moderate","2024","cgwb_annual_report"
"56","Gujarat","Chhota Udaipur","Bodeli","Govindpura","22.21554","73.73999","Dug Well","fluoride","2.6","mg/L","1.5","1.733","moderate","2024","cgwb_annual_report"
"57","Gujarat","Porbandar","Porbandar","Kolikhada","21.68157","69.63681","Dug Well","fluoride","1.8","mg/L","1.5","1.2","moderate","2024","cgwb_annual_report"
"58","Gujarat","Devbhumi Dwarka","Kalyanpur","Navadra","21.93994","69.28649","Dug Well","fluoride","1.77","mg/L","1.5","1.18","moderate","2024","cgwb_annual_report"
"59","Gujarat","Devbhumi Dwarka","Kalyanpur","Vamansa","22.084","69.1887","Dug Well","fluoride","1.62","mg/L","1.5","1.08","moderate","2024","cgwb_annual_report"
"60","Gujarat","Devbhumi Dwarka","Okhamandal","Samrasar","22.36993","69.10628","Dug Well","fluoride","2.25","mg/L","1.5","1.5","moderate","2024","cgwb_annual_report"
"61","Gujarat","Porbandar","Kutyana","Khageshri","21.75168","69.98349","Dug Well","fluoride","1.72","mg/L","1.5","1.147","moderate","2024","cgwb_annual_report"
"62","Gujarat","Porbandar","Porbandar","Oddar","21.5529","69.69211","Dug Well","fluoride","1.86","mg/L","1.5","1.24","moderate","2024","cgwb_annual_report"
"63","Gujarat","Junagadh","Mangrol","Kalej","21.24962","70.085","Dug Well","fluoride","2.08","mg/L","1.5","1.387","moderate","2024","cgwb_annual_report"
"64","Gujarat","Banaskantha","Danta","Ganapipli Nhs Dw","24.29364","72.94666","DW","fluoride","2.34","mg/L","1.5","1.56","moderate","2024","cgwb_annual_report"
"65","Gujarat","Mehsana","Kheralu","Kheralu-1 Nhs Dw","23.88716","72.60754","DW","fluoride","1.78","mg/L","1.5","1.187","moderate","2024","cgwb_annual_report"
"66","Gujarat","Patan","Patan","Balisana","23.81439","72.25416","DW","fluoride","1.53","mg/L","1.5","1.02","moderate","2024","cgwb_annual_report"
"67","Gujarat","Patan","Santalpur","Piprala_1","23.6462","71.09675","Dug Well","fluoride","9.1","mg/L","1.5","6.067","very_high","2024","cgwb_annual_report"
"68","Gujarat","Kachchh","Abdasa","Tera","23.2829","68.94026","DW","fluoride","1.58","mg/L","1.5","1.053","moderate","2024","cgwb_annual_report"
"69","Gujarat","Kachchh","Mandvi","Kotadi","23.04167","69.1938","DW","fluoride","6.37","mg/L","1.5","4.247","high","2024","cgwb_annual_report"
"70","Gujarat","Kachchh","Mundra","Karagoga","22.938","69.66186","DW","fluoride","2.14","mg/L","1.5","1.427","moderate","2024","cgwb_annual_report"
"71","Gujarat","Kachchh","Bhachau","Samkhiari","23.30665","70.50414","DW","fluoride","3.33","mg/L","1.5","2.22","high","2024","cgwb_annual_report"
"72","Gujarat","Ahmedabad","Dhandhuka","Dhandhuka1 Nhs Dw","22.37606","71.98774","DW","fluoride","6.0","mg/L","1.5","4.0","high","2024","cgwb_annual_report"
"73","Gujarat","Ahmedabad","Dhandhuka","Tagadi1 Nhs Dw(Hotspot)","22.2971","71.94673","DW","fluoride","3.4","mg/L","1.5","2.267","high","2024","cgwb_annual_report"
"74","Gujarat","Botad","Barwala","Barvala","22.16242","71.8942","DW","fluoride","5.65","mg/L","1.5","3.767","high","2024","cgwb_annual_report"
"75","Gujarat","Bhavnagar","Vallabhipur","Ayodhyapuram","21.95218","71.88446","DW","fluoride","5.74","mg/L","1.5","3.827","high","2024","cgwb_annual_report"
"76","Gujarat","Bhavnagar","Vallabhipur","Lundhara Nhs Dw(Hotspot)","22.09637","71.89315","DW","fluoride","2.2","mg/L","1.5","1.467","moderate","2024","cgwb_annual_report"
"77","Gujarat","Gir Somnath","Kodinar","Dolasa","20.81937","70.8472","DW","fluoride","2.3","mg/L","1.5","1.533","moderate","2024","cgwb_annual_report"
"78","Gujarat","Gir Somnath","Una","Una2","20.82239","71.04157","DW","fluoride","2.06","mg/L","1.5","1.373","moderate","2024","cgwb_annual_report"
"79","Gujarat","Morbi","Morvi","Jetpar","23.00278","70.89472","DW","fluoride","2.16","mg/L","1.5","1.44","moderate","2024","cgwb_annual_report"
"80","Gujarat","Rajkot","Upleta","Ganod","21.68879","70.16931","DW","fluoride","2.67","mg/L","1.5","1.78","moderate","2024","cgwb_annual_report"
"81","Gujarat","Rajkot","Upleta","Upleta1","21.72951","70.25202","DW","fluoride","3.44","mg/L","1.5","2.293","high","2024","cgwb_annual_report"
"82","Gujarat","Surendranagar","Dasada","Malvan","23.06139","71.75028","DW","fluoride","5.42","mg/L","1.5","3.613","high","2024","cgwb_annual_report"
"83","Gujarat","Surendranagar","Dhrangadhra","Ratanpur","22.85552","71.27473","DW","fluoride","3.28","mg/L","1.5","2.187","high","2024","cgwb_annual_report"
"84","Gujarat","Surendranagar","Muli","Muli","22.63895","71.46444","DW","fluoride","2.9","mg/L","1.5","1.933","moderate","2024","cgwb_annual_report"
"85","Gujarat","Surendranagar","Sayla","Dhajala","22.38069","71.39799","DW","fluoride","1.86","mg/L","1.5","1.24","moderate","2024","cgwb_annual_report"
"86","Gujarat","Surendranagar","Sayla","Piprali","22.39531","71.31166","DW","fluoride","5.11","mg/L","1.5","3.407","high","2024","cgwb_annual_report"
"87","Gujarat","Surendranagar","Wadhwan","Surendranagar2","22.71755","71.61667","DW","fluoride","2.45","mg/L","1.5","1.633","moderate","2024","cgwb_annual_report"
"88","Gujarat","Surendranagar","Wadhwan","Vadod","22.55944","71.65222","DW","fluoride","2.15","mg/L","1.5","1.433","moderate","2024","cgwb_annual_report"
"89","Gujarat","Surendranagar","Wadhwan","Vaghela","22.65774","71.65718","DW","fluoride","1.99","mg/L","1.5","1.327","moderate","2024","cgwb_annual_report"
"90","Gujarat","Sabarkantha","Talod","Kesarpura(Mayal)","23.32222","72.94889","DW","fluoride","1.78","mg/L","1.5","1.187","moderate","2024","cgwb_annual_report"
"91","Gujarat","Sabarkantha","Himatnagar","Gadha1","23.70833","72.94167","DW","fluoride","1.91","mg/L","1.5","1.273","moderate","2024","cgwb_annual_report"
"92","Gujarat","Sabarkantha","Himatnagar","Sakrodiya","23.54542","73.048","DW","fluoride","1.83","mg/L","1.5","1.22","moderate","2024","cgwb_annual_report"
"93","Gujarat","Sabarkantha","Idar","Bhadreshwar (Daramli)","23.74583","72.97917","DW","fluoride","1.53","mg/L","1.5","1.02","moderate","2024","cgwb_annual_report"
"94","Gujarat","Sabarkantha","Idar","Idar","23.84197","73.0307","DW","fluoride","5.15","mg/L","1.5","3.433","high","2024","cgwb_annual_report"
"95","Gujarat","Sabarkantha","Idar","Sabalwad","23.87417","72.96306","DW","fluoride","4.5","mg/L","1.5","3.0","high","2024","cgwb_annual_report"
"96","Gujarat","Sabarkantha","Khedbrahma","Hingatiya","24.14659","73.01063","DW","fluoride","1.57","mg/L","1.5","1.047","moderate","2024","cgwb_annual_report"
"97","Gujarat","Dahod","Dahod","Dahod2","22.825","74.23333","DW","fluoride","1.9","mg/L","1.5","1.267","moderate","2024","cgwb_annual_report"
"98","Gujarat","Dahod","Dahod","Dahod Urban-2","22.8447","74.26666","DW","fluoride","2.95","mg/L","1.5","1.967","moderate","2024","cgwb_annual_report"
"99","Gujarat","Panchmahal","Kalol","Khadki Vadiya","22.65877","73.52277","DW","fluoride","4.1","mg/L","1.5","2.733","high","2024","cgwb_annual_report"
"1","Rajasthan","Karauli","Karauli","Karauli","26.5014","77.0172","Dug Well","nitrate","226.0","mg/L","45.0","5.022","very_high","2024","cgwb_annual_report"
"2","Rajasthan","Bharatpur","Weir","Weir","27.02","77.1673","Dug Well","nitrate","140.0","mg/L","45.0","3.111","high","2024","cgwb_annual_report"
"3","Gujarat","Anand","Petlad","Dharmaj","22.42074","72.78741","Dug Well","nitrate","214.0","mg/L","45.0","4.756","high","2024","cgwb_annual_report"
"4","Gujarat","Kheda","Mahudha","Alina","22.80567","73.04766","Dug Well","nitrate","295.0","mg/L","45.0","6.556","very_high","2024","cgwb_annual_report"
"5","Gujarat","Vadodara","Savli","Juna samalya","22.50406","73.27419","Dug Well","nitrate","138.0","mg/L","45.0","3.067","high","2024","cgwb_annual_report"
"6","Gujarat","Jamnagar","Jodiya","Bedanpur","22.68747","70.31252","Dug Well","nitrate","960.0","mg/L","45.0","21.333","very_high","2024","cgwb_annual_report"
"7","Gujarat","Jamnagar","Jodiya","Kesiya","22.69661","70.39706","Dug Well","nitrate","210.0","mg/L","45.0","4.667","high","2024","cgwb_annual_report"
"8","Gujarat","Devbhumi Dwarka","Bhanvad","Nawagam","21.97634","69.76564","Dug Well","nitrate","116.0","mg/L","45.0","2.578","high","2024","cgwb_annual_report"
"9","Gujarat","Porbandar","Porbandar","Kolikhada","21.68157","69.63681","Dug Well","nitrate","207.0","mg/L","45.0","4.6","high","2024","cgwb_annual_report"
"10","Gujarat","Porbandar","Porbandar","Mojiwana","21.85995","69.57426","Dug Well","nitrate","496.0","mg/L","45.0","11.022","very_high","2024","cgwb_annual_report"
"11","Gujarat","Devbhumi Dwarka","Khambhalia","Hanzdapur","22.18885","69.43681","Dug Well","nitrate","252.0","mg/L","45.0","5.6","very_high","2024","cgwb_annual_report"
"12","Gujarat","Devbhumi Dwarka","Kalyanpur","Juvanpur","22.16769","69.36493","Dug Well","nitrate","253.0","mg/L","45.0","5.622","very_high","2024","cgwb_annual_report"
"13","Gujarat","Porbandar","Porbandar","Kuchhadi","21.681","69.54887","Dug Well","nitrate","366.0","mg/L","45.0","8.133","very_high","2024","cgwb_annual_report"
"14","Gujarat","Porbandar","Porbandar","Palkhada","21.76032","69.48491","Dug Well","nitrate","223.0","mg/L","45.0","4.956","high","2024","cgwb_annual_report"
"15","Gujarat","Porbandar","Porbandar","Visavada","21.77523","69.45381","Dug Well","nitrate","396.0","mg/L","45.0","8.8","very_high","2024","cgwb_annual_report"
"16","Gujarat","Devbhumi Dwarka","Kalyanpur","Lambha","21.9113","69.30844","Dug Well","nitrate","382.0","mg/L","45.0","8.489","very_high","2024","cgwb_annual_report"
"17","Gujarat","Devbhumi Dwarka","Kalyanpur","Bhogat","21.99049","69.24428","Dug Well","nitrate","212.0","mg/L","45.0","4.711","high","2024","cgwb_annual_report"
"18","Gujarat","Devbhumi Dwarka","Kalyanpur","Khakharda","22.10477","69.3721","Dug Well","nitrate","420.0","mg/L","45.0","9.333","very_high","2024","cgwb_annual_report"
"19","Gujarat","Devbhumi Dwarka","Kalyanpur","Kalyanpur","22.30758","69.05421","Dug Well","nitrate","70.0","mg/L","45.0","1.556","moderate","2024","cgwb_annual_report"
"20","Gujarat","Devbhumi Dwarka","Kalyanpur","Navadra","21.93994","69.28649","Dug Well","nitrate","56.0","mg/L","45.0","1.244","moderate","2024","cgwb_annual_report"
"21","Gujarat","Devbhumi Dwarka","Kalyanpur","Gojines","22.02455","69.20424","Dug Well","nitrate","420.0","mg/L","45.0","9.333","very_high","2024","cgwb_annual_report"
"22","Gujarat","Devbhumi Dwarka","Kalyanpur","Vamansa","22.084","69.1887","Dug Well","nitrate","210.0","mg/L","45.0","4.667","high","2024","cgwb_annual_report"
"23","Gujarat","Devbhumi Dwarka","Kalyanpur","Gurgadh","22.1947","69.19093","Dug Well","nitrate","406.0","mg/L","45.0","9.022","very_high","2024","cgwb_annual_report"
"24","Gujarat","Devbhumi Dwarka","Okhamandal","Varwada","22.29772","68.96145","Dug Well","nitrate","420.0","mg/L","45.0","9.333","very_high","2024","cgwb_annual_report"
"25","Gujarat","Devbhumi Dwarka","Okhamandal","Mojap","22.36145","68.97956","Dug Well","nitrate","165.0","mg/L","45.0","3.667","high","2024","cgwb_annual_report"
"26","Gujarat","Devbhumi Dwarka","Okhamandal","Dwarka","22.24068","68.96044","Dug Well","nitrate","220.0","mg/L","45.0","4.889","high","2024","cgwb_annual_report"
"27","Gujarat","Devbhumi Dwarka","Okhamandal","Samrasar","22.36993","69.10628","Dug Well","nitrate","376.0","mg/L","45.0","8.356","very_high","2024","cgwb_annual_report"
"28","Gujarat","Porbandar","Kutiyana","Kutiyana","21.62841","70.01126","Dug Well","nitrate","496.0","mg/L","45.0","11.022","very_high","2024","cgwb_annual_report"
"29","Gujarat","Porbandar","Ranavav","Bhoddar","21.57514","69.89493","Dug Well","nitrate","306.0","mg/L","45.0","6.8","very_high","2024","cgwb_annual_report"
"30","Gujarat","Junagadh","Mangrol","Osa","21.37289","70.06416","Dug Well","nitrate","437.0","mg/L","45.0","9.711","very_high","2024","cgwb_annual_report"
"31","Gujarat","Junagadh","Mangrol","Arena","21.08075","70.17712","Dug Well","nitrate","332.0","mg/L","45.0","7.378","very_high","2024","cgwb_annual_report"
"32","Gujarat","Junagadh","Vanthali","Khokharda","21.4201","70.31756","Dug Well","nitrate","218.0","mg/L","45.0","4.844","high","2024","cgwb_annual_report"
"33","Gujarat","Banaskantha","Tharad","Dudhba NHS DW","24.4794","71.66902","Dug Well","nitrate","112.0","mg/L","45.0","2.489","high","2024","cgwb_annual_report"
"34","Gujarat","Banaskantha","Danta","Ganapipli NHS DW","24.29364","72.94666","Dug Well","nitrate","71.0","mg/L","45.0","1.578","moderate","2024","cgwb_annual_report"
"35","Gujarat","Banaskantha","Amirgadh","Virmpur NHS DW","24.2664","72.65233","Dug Well","nitrate","48.0","mg/L","45.0","1.067","moderate","2024","cgwb_annual_report"
"36","Gujarat","Banaskantha","Deesa","Meda NHS DW","24.39793","72.28531","Dug Well","nitrate","88.0","mg/L","45.0","1.956","moderate","2024","cgwb_annual_report"
"37","Gujarat","Kachchh","Mundra","Nani Tumbdi","22.99628","69.54897","Dug Well","nitrate","274.0","mg/L","45.0","6.089","very_high","2024","cgwb_annual_report"
"38","Gujarat","Kachchh","Mundra","Vadala","22.91676","69.85378","Dug Well","nitrate","210.0","mg/L","45.0","4.667","high","2024","cgwb_annual_report"
"39","Gujarat","Ahmedabad","Dhandhuka","Dhandhuka1 NHS DW","22.37606","71.98774","Dug Well","nitrate","506.0","mg/L","45.0","11.244","very_high","2024","cgwb_annual_report"
"40","Gujarat","Gir Somnath","Kodinar","Dolasa","20.81937","70.8472","Dug Well","nitrate","100.0","mg/L","45.0","2.222","high","2024","cgwb_annual_report"
"41","Gujarat","Gir Somnath","Una","Una2","20.82239","71.04157","Dug Well","nitrate","150.0","mg/L","45.0","3.333","high","2024","cgwb_annual_report"
"42","Gujarat","Rajkot","Gondal","Gogavadar","21.96486","70.88018","Dug Well","nitrate","153.0","mg/L","45.0","3.4","high","2024","cgwb_annual_report"
"43","Gujarat","Rajkot","Gondal","Kolithad1","22.01909","70.65164","Dug Well","nitrate","99.0","mg/L","45.0","2.2","high","2024","cgwb_annual_report"
"44","Gujarat","Rajkot","Paddhari","Movaiya","22.45793","70.62754","Dug Well","nitrate","309.0","mg/L","45.0","6.867","very_high","2024","cgwb_annual_report"
"45","Gujarat","Rajkot","Upleta","Ganod","21.68879","70.16931","Dug Well","nitrate","769.0","mg/L","45.0","17.089","very_high","2024","cgwb_annual_report"
"46","Gujarat","Surendranagar","Chotila","Moti Moladi","22.41789","71.104","Dug Well","nitrate","459.0","mg/L","45.0","10.2","very_high","2024","cgwb_annual_report"
"47","Gujarat","Surendranagar","Dasada","Malvan","23.06139","71.75028","Dug Well","nitrate","450.0","mg/L","45.0","10.0","very_high","2024","cgwb_annual_report"
"48","Gujarat","Surendranagar","Dhrangadhra","Kukavati (Jesda)","23.11516","71.48887","Dug Well","nitrate","255.0","mg/L","45.0","5.667","very_high","2024","cgwb_annual_report"
"49","Gujarat","Surendranagar","Limdi","Choraniya","22.572","71.85087","Dug Well","nitrate","991.0","mg/L","45.0","22.022","very_high","2024","cgwb_annual_report"
"50","Gujarat","Surendranagar","Sayla","Dhajala","22.38069","71.39799","Dug Well","nitrate","48.0","mg/L","45.0","1.067","moderate","2024","cgwb_annual_report"
"51","Gujarat","Surendranagar","Sayla","Nagadka","22.42688","71.57913","Dug Well","nitrate","150.0","mg/L","45.0","3.333","high","2024","cgwb_annual_report"
"52","Gujarat","Surendranagar","Sayla","Piprali","22.39531","71.31166","Dug Well","nitrate","220.0","mg/L","45.0","4.889","high","2024","cgwb_annual_report"
"53","Gujarat","Surendranagar","Wadhwan","Vaghela","22.65774","71.65718","Dug Well","nitrate","926.0","mg/L","45.0","20.578","very_high","2024","cgwb_annual_report"
"54","Gujarat","Surendranagar","Chotila","Sanosara","22.29886","71.23044","Dug Well","nitrate","654.0","mg/L","45.0","14.533","very_high","2024","cgwb_annual_report"
"55","Gujarat","Sabarkantha","Talod","Umedpura","23.30361","72.96444","Dug Well","nitrate","47.0","mg/L","45.0","1.044","moderate","2024","cgwb_annual_report"
"56","Gujarat","Sabarkantha","Talod","Harsol1","23.37778","73.01667","Dug Well","nitrate","55.0","mg/L","45.0","1.222","moderate","2024","cgwb_annual_report"
"57","Gujarat","Sabarkantha","Talod","Kesarpura(Mayal)","23.32222","72.94889","Dug Well","nitrate","69.0","mg/L","45.0","1.533","moderate","2024","cgwb_annual_report"
"58","Gujarat","Sabarkantha","Himatnagar","Gadha1","23.70833","72.94167","Dug Well","nitrate","334.0","mg/L","45.0","7.422","very_high","2024","cgwb_annual_report"
"59","Gujarat","Sabarkantha","Idar","Revas","23.82083","73.11667","Dug Well","nitrate","60.0","mg/L","45.0","1.333","moderate","2024","cgwb_annual_report"
"60","Gujarat","Sabarkantha","Vadali","Choriwad","23.9","73.11944","Dug Well","nitrate","86.0","mg/L","45.0","1.911","moderate","2024","cgwb_annual_report"
"61","Gujarat","Sabarkantha","Vadali","Kesharpura","23.91528","73.14528","Dug Well","nitrate","82.0","mg/L","45.0","1.822","moderate","2024","cgwb_annual_report"
"62","Gujarat","Sabarkantha","Vadali","Wadali","23.93333","73.03333","Dug Well","nitrate","58.0","mg/L","45.0","1.289","moderate","2024","cgwb_annual_report"
"63","Gujarat","Sabarkantha","Vadali","Hatharva","23.94541","72.99349","Dug Well","nitrate","126.0","mg/L","45.0","2.8","high","2024","cgwb_annual_report"
"64","Gujarat","Sabarkantha","Khedbrahma","Silwad","24.00833","73.11667","Dug Well","nitrate","221.0","mg/L","45.0","4.911","high","2024","cgwb_annual_report"
"65","Gujarat","Sabarkantha","Khedbrahma","Matoda","24.11111","73.00833","Dug Well","nitrate","168.0","mg/L","45.0","3.733","high","2024","cgwb_annual_report"
"66","Gujarat","Dahod","Dahod","Dahod2","22.825","74.23333","Dug Well","nitrate","100.0","mg/L","45.0","2.222","high","2024","cgwb_annual_report"
"67","Gujarat","Arvalli","Modasa","Gadada","23.57528","73.25306","Dug Well","nitrate","150.0","mg/L","45.0","3.333","high","2024","cgwb_annual_report"
"68","Gujarat","Arvalli","Modasa","Seenawad","23.48639","73.39861","Dug Well","nitrate","62.0","mg/L","45.0","1.378","moderate","2024","cgwb_annual_report"
"69","Gujarat","Arvalli","Malpur","Hamirpur","23.40833","73.45833","Dug Well","nitrate","59.0","mg/L","45.0","1.311","moderate","2024","cgwb_annual_report"
"70","Gujarat","Arvalli","Bayad","Alwa Kampa","23.27472","73.20833","Dug Well","nitrate","53.0","mg/L","45.0","1.178","moderate","2024","cgwb_annual_report"
"71","Gujarat","Panchmahal","Kalol","Kalol UR_2","22.63207","73.44787","Dug Well","nitrate","110.0","mg/L","45.0","2.444","high","2024","cgwb_annual_report"
"72","Gujarat","Panchmahal","Ghoghamba","Ranipura","22.725","73.75833","Dug Well","nitrate","120.0","mg/L","45.0","2.667","high","2024","cgwb_annual_report"
"73","Gujarat","Panchmahal","Godhra","Godhra UR_2","22.76917","73.59111","Dug Well","nitrate","126.0","mg/L","45.0","2.8","high","2024","cgwb_annual_report"
